Date,Symbol,Category,Score,LastPrice,EntryLow,EntryHigh,Target1,Target1Pct,Target2,Target2Pct,StopLoss,StopLossPct,RRRatio,Horizon,Reasons,DataNote
2026-09-14,ADANIPORTS,Intraday,80.0,1764.6,1759.97,1772.32,1780.54,0.9,1791.17,1.51,1751.32,-0.75,1.2,Intraday -- square off same session,Market regime (NIFTY 50): STRONG_BEARISH. | Trading above today's VWAP -- intraday buyers in control. | Broken above the opening-range high (~1763.5) -- bullish breakout setup. | Intraday volume running 1.6x its recent average -- confirms the move. | Daily RSI(14) at 59 supports further upside without being extended. | Risk:Reward to Target 1 is only 1.20:1 -- below the 1.5:1 minimum bar.,NSE quote unavailable; using Yahoo Finance only.
2026-09-14,KOTAKBANK,Intraday,80.0,419.0,414.17,417.07,421.93,0.7,423.88,1.16,416.56,-0.58,1.2,Intraday -- square off same session,Market regime (NIFTY 50): STRONG_BEARISH. | Trading above today's VWAP -- intraday buyers in control. | Broken above the opening-range high (~415.0) -- bullish breakout setup. | Intraday volume running 2.9x its recent average -- confirms the move. | Daily RSI(14) at 60 supports further upside without being extended. | Risk:Reward to Target 1 is only 1.20:1 -- below the 1.5:1 minimum bar.,NSE quote unavailable; using Yahoo Finance only.
2026-09-14,TITAN,Intraday,80.0,5009.5,4977.03,5011.93,5041.35,0.64,5062.58,1.06,4982.96,-0.53,1.2,Intraday -- square off same session,Market regime (NIFTY 50): STRONG_BEARISH. | Trading above today's VWAP -- intraday buyers in control. | Broken above the opening-range high (~4987.0) -- bullish breakout setup. | Intraday volume running 2.8x its recent average -- confirms the move. | Daily RSI(14) at 51 supports further upside without being extended. | Risk:Reward to Target 1 is only 1.20:1 -- below the 1.5:1 minimum bar.,NSE quote unavailable; using Yahoo Finance only.
2026-09-16,AXISBANK,Intraday,67.5,1243.8,1232.73,1241.38,1253.2,0.76,1259.47,1.26,1235.97,-0.63,1.2,Intraday -- square off same session,Market regime (NIFTY 50): STRONG_BEARISH. | Trading above today's VWAP -- intraday buyers in control. | Broken above the opening-range high (~1235.2) -- bullish breakout setup. | Opened with a healthy gap-up of 0.4% and holding. | Daily RSI(14) at 48 supports further upside without being extended. | Risk:Reward to Target 1 is only 1.20:1 -- below the 1.5:1 minimum bar.,NSE quote unavailable; using Yahoo Finance only.
2026-09-16,SUNPHARMA,Intraday,60.5,1853.5,1848.2,1861.16,1865.8,0.66,1874.0,1.11,1843.25,-0.55,1.2,Intraday -- square off same session,Market regime (NIFTY 50): STRONG_BEARISH. | Trading above today's VWAP -- intraday buyers in control. | Broken above the opening-range high (~1851.9) -- bullish breakout setup. | Opened with a healthy gap-up of 0.5% and holding. | Risk:Reward to Target 1 is only 1.20:1 -- below the 1.5:1 minimum bar.,NSE quote unavailable; using Yahoo Finance only.
2026-09-17,DRREDDY,Intraday,82.5,1175.7,1152.09,1160.17,1184.99,0.79,1191.18,1.32,1167.96,-0.66,1.2,Intraday -- square off same session,Market regime (NIFTY 50): STRONG_BEARISH. | Trading above today's VWAP -- intraday buyers in control. | Broken above the opening-range high (~1154.4) -- bullish breakout setup. | Intraday volume running 1.8x its recent average -- confirms the move. | Opened with a healthy gap-up of 0.3% and holding. | Daily RSI(14) at 53 supports further upside without being extended. | Risk:Reward to Target 1 is only 1.20:1 -- below the 1.5:1 minimum bar. | Price has moved >1.2x ATR beyond the ideal entry zone -- ENTRY MISSED -- DO NOT CHASE.,NSE quote unavailable; using Yahoo Finance only.
2026-09-17,ASIANPAINT,Intraday,75.5,2446.8,2436.12,2453.2,2465.75,0.77,2478.38,1.29,2431.01,-0.65,1.2,Intraday -- square off same session,Market regime (NIFTY 50): STRONG_BEARISH. | Trading above today's VWAP -- intraday buyers in control. | Broken above the opening-range high (~2441.0) -- bullish breakout setup. | Intraday volume running 2.2x its recent average -- confirms the move. | Opened with a healthy gap-up of 0.8% and holding. | Risk:Reward to Target 1 is only 1.20:1 -- below the 1.5:1 minimum bar.,NSE quote unavailable; using Yahoo Finance only.
2026-09-17,BEL,Intraday,75.5,393.7,392.71,395.47,396.93,0.82,399.08,1.37,391.01,-0.68,1.2,Intraday -- square off same session,Market regime (NIFTY 50): STRONG_BEARISH. | Trading above today's VWAP -- intraday buyers in control. | Broken above the opening-range high (~393.5) -- bullish breakout setup. | Intraday volume running 1.6x its recent average -- confirms the move. | Opened with a healthy gap-up of 0.3% and holding. | Risk:Reward to Target 1 is only 1.20:1 -- below the 1.5:1 minimum bar.,NSE quote unavailable; using Yahoo Finance only.
2026-09-18,ADANIPORTS,Intraday,75.0,1778.1,1751.29,1763.57,1793.42,0.86,1803.64,1.44,1765.33,-0.72,1.2,Intraday -- square off same session,Market regime (NIFTY 50): STRONG_BEARISH. | Trading above today's VWAP -- intraday buyers in control. | Broken above the opening-range high (~1754.8) -- bullish breakout setup. | Opened with a healthy gap-up of 0.7% and holding. | Daily RSI(14) at 59 supports further upside without being extended. | Risk:Reward to Target 1 is only 1.20:1 -- below the 1.5:1 minimum bar.,NSE quote unavailable; using Yahoo Finance only.
2026-09-18,ADANIENT,Intraday,67.5,2985.5,2951.19,2971.89,3018.47,1.1,3040.45,1.84,2958.02,-0.92,1.2,Intraday -- square off same session,Market regime (NIFTY 50): STRONG_BEARISH. | Trading above today's VWAP -- intraday buyers in control. | Broken above the opening-range high (~2957.1) -- bullish breakout setup. | Opened with a healthy gap-up of 0.5% and holding. | Daily RSI(14) at 49 supports further upside without being extended. | Risk:Reward to Target 1 is only 1.20:1 -- below the 1.5:1 minimum bar.,NSE quote unavailable; using Yahoo Finance only.
2026-09-18,HDFCBANK,Intraday,67.5,731.65,721.15,726.21,737.1,0.75,740.74,1.24,727.11,-0.62,1.2,Intraday -- square off same session,Market regime (NIFTY 50): STRONG_BEARISH. | Trading above today's VWAP -- intraday buyers in control. | Broken above the opening-range high (~722.6) -- bullish breakout setup. | Opened with a healthy gap-up of 0.6% and holding. | Daily RSI(14) at 56 supports further upside without being extended. | Risk:Reward to Target 1 is only 1.20:1 -- below the 1.5:1 minimum bar.,NSE quote unavailable; using Yahoo Finance only.
2026-09-21,BEL,Intraday,82.5,398.0,396.21,398.98,401.13,0.79,403.22,1.31,395.39,-0.66,1.2,Intraday -- square off same session,Market regime (NIFTY 50): STRONG_BEARISH. | Trading above today's VWAP -- intraday buyers in control. | Broken above the opening-range high (~397.0) -- bullish breakout setup. | Intraday volume running 1.5x its recent average -- confirms the move. | Opened with a healthy gap-up of 0.4% and holding. | Daily RSI(14) at 46 supports further upside without being extended. | Risk:Reward to Target 1 is only 1.20:1 -- below the 1.5:1 minimum bar.,NSE quote unavailable; using Yahoo Finance only.
2026-09-21,ETERNAL,Intraday,80.0,335.4,331.59,333.91,338.6,0.95,340.73,1.59,332.74,-0.79,1.2,Intraday -- square off same session,Market regime (NIFTY 50): STRONG_BEARISH. | Trading above today's VWAP -- intraday buyers in control. | Broken above the opening-range high (~332.2) -- bullish breakout setup. | Intraday volume running 2.7x its recent average -- confirms the move. | Daily RSI(14) at 67 supports further upside without being extended. | Risk:Reward to Target 1 is only 1.20:1 -- below the 1.5:1 minimum bar.,NSE quote unavailable; using Yahoo Finance only.
2026-09-21,HEROMOTOCO,Intraday,75.0,5412.0,5386.21,5423.98,5460.63,0.9,5493.05,1.5,5371.47,-0.75,1.2,Intraday -- square off same session,Market regime (NIFTY 50): STRONG_BEARISH. | Trading above today's VWAP -- intraday buyers in control. | Broken above the opening-range high (~5397.0) -- bullish breakout setup. | Opened with a healthy gap-up of 1.0% and holding. | Daily RSI(14) at 52 supports further upside without being extended. | Risk:Reward to Target 1 is only 1.20:1 -- below the 1.5:1 minimum bar.,NSE quote unavailable; using Yahoo Finance only.
2026-09-21,BAJAJHLDNG,Short-Term (Swing),60.0,11409.0,11386.18,11477.45,11760.44,3.08,12118.21,6.22,11076.56,-2.91,1.06,1-3 weeks (swing),"Market regime (NIFTY 50): STRONG_BEARISH. | No reliable free sector-index mapping for this stock -- sector confirmation skipped. | MACD just crossed bullish, confirmed by RSI turning up from a neutral zone -- momentum agreement. | Price above a rising 20-day SMA, itself above the 50-day SMA. | Volume is 1.2x the 20-day average -- decent participation. | Relative strength vs NIFTY: +4.2pp (outperforming). | ATR is 1.9% of price -- orderly volatility. | Risk:Reward to Target 1 is only 1.06:1 -- below the 1.5:1 minimum bar.",NSE quote unavailable; using Yahoo Finance only.
2026-09-22,COALINDIA,Short-Term (Swing),60.9,426.7,425.85,429.26,440.66,3.27,452.29,6.0,414.71,-2.81,1.16,1-3 weeks (swing),"Market regime (NIFTY 50): STRONG_BEARISH. | Sector index ^CNXMETAL data unavailable today -- sector confirmation skipped. | MACD just crossed bullish, confirmed by RSI turning up from a neutral zone -- momentum agreement. | Price above a rising 20-day SMA, itself above the 50-day SMA. | Volume is 1.4x the 20-day average -- decent participation. | Relative strength vs NIFTY: +9.2pp (outperforming). | ATR is 1.9% of price -- orderly volatility. | Risk:Reward to Target 1 is only 1.16:1 -- below the 1.5:1 minimum bar.",NSE quote unavailable; using Yahoo Finance only.
2026-09-23,HDFCLIFE,Intraday,75.0,563.05,560.78,564.71,568.55,0.98,572.22,1.63,558.46,-0.81,1.2,Intraday -- square off same session,Market regime (NIFTY 50): STRONG_BEARISH. | Trading above today's VWAP -- intraday buyers in control. | Broken above the opening-range high (~561.9) -- bullish breakout setup. | Opened with a healthy gap-up of 0.4% and holding. | Daily RSI(14) at 60 supports further upside without being extended. | Risk:Reward to Target 1 is only 1.20:1 -- below the 1.5:1 minimum bar.,NSE quote unavailable; using Yahoo Finance only.
2026-09-23,BAJAJHLDNG,Intraday,75.0,11387.0,11303.35,11382.63,11480.04,0.82,11542.06,1.36,11309.47,-0.68,1.2,Intraday -- square off same session,Market regime (NIFTY 50): STRONG_BEARISH. | Trading above today's VWAP -- intraday buyers in control. | Broken above the opening-range high (~11326.0) -- bullish breakout setup. | Opened with a healthy gap-up of 0.4% and holding. | Daily RSI(14) at 56 supports further upside without being extended. | Risk:Reward to Target 1 is only 1.20:1 -- below the 1.5:1 minimum bar.,NSE quote unavailable; using Yahoo Finance only.
2026-09-23,GRASIM,Intraday,65.5,3177.2,3136.71,3158.71,3201.4,0.76,3217.53,1.27,3157.04,-0.63,1.2,Intraday -- square off same session,Market regime (NIFTY 50): STRONG_BEARISH. | Trading above today's VWAP -- intraday buyers in control. | Broken above the opening-range high (~3143.0) -- bullish breakout setup. | Intraday volume running 2.0x its recent average -- confirms the move. | Risk:Reward to Target 1 is only 1.20:1 -- below the 1.5:1 minimum bar.,NSE quote unavailable; using Yahoo Finance only.
2026-09-25,AXISBANK,Intraday,75.5,1221.3,1206.58,1215.04,1231.76,0.86,1238.73,1.43,1212.59,-0.71,1.2,Intraday -- square off same session,Market regime (NIFTY 50): STRONG_BEARISH. | Trading above today's VWAP -- intraday buyers in control. | Broken above the opening-range high (~1209.0) -- bullish breakout setup. | Intraday volume running 1.9x its recent average -- confirms the move. | Opened with a healthy gap-up of 0.5% and holding. | Risk:Reward to Target 1 is only 1.20:1 -- below the 1.5:1 minimum bar.,NSE quote unavailable; using Yahoo Finance only.
2026-09-28,DRREDDY,Intraday,75.0,1221.0,1218.36,1226.9,1230.29,0.76,1236.49,1.27,1213.26,-0.63,1.2,Intraday -- square off same session,Market regime (NIFTY 50): STRONG_BEARISH. | Trading above today's VWAP -- intraday buyers in control. | Broken above the opening-range high (~1220.8) -- bullish breakout setup. | Opened with a healthy gap-up of 1.4% and holding. | Daily RSI(14) at 64 supports further upside without being extended. | Risk:Reward to Target 1 is only 1.20:1 -- below the 1.5:1 minimum bar.,NSE quote unavailable; using Yahoo Finance only.
2026-09-29,ADANIPORTS,Intraday,90.0,1822.0,1749.69,1761.97,1839.42,0.96,1851.04,1.59,1807.48,-0.8,1.2,Intraday -- square off same session,Market regime (NIFTY 50): STRONG_BEARISH. | Trading above today's VWAP -- intraday buyers in control. | Broken above the opening-range high (~1753.2) -- bullish breakout setup. | Intraday volume running 10.0x its recent average -- confirms the move. | Opened with a healthy gap-up of 0.4% and holding. | Daily RSI(14) at 60 supports further upside without being extended. | Risk:Reward to Target 1 is only 1.20:1 -- below the 1.5:1 minimum bar. | Price has moved >1.2x ATR beyond the ideal entry zone -- ENTRY MISSED -- DO NOT CHASE.,NSE quote unavailable; using Yahoo Finance only.
2026-09-29,DRREDDY,Intraday,83.0,1251.9,1244.81,1253.54,1261.48,0.77,1267.87,1.28,1243.91,-0.64,1.2,Intraday -- square off same session,Market regime (NIFTY 50): STRONG_BEARISH. | Trading above today's VWAP -- intraday buyers in control. | Broken above the opening-range high (~1247.3) -- bullish breakout setup. | Intraday volume running 2.6x its recent average -- confirms the move. | Opened with a healthy gap-up of 1.9% and holding. | Risk:Reward to Target 1 is only 1.20:1 -- below the 1.5:1 minimum bar.,NSE quote unavailable; using Yahoo Finance only.
2026-09-29,SUNPHARMA,Intraday,82.5,1865.0,1855.18,1868.19,1877.4,0.66,1885.67,1.11,1854.67,-0.55,1.2,Intraday -- square off same session,Market regime (NIFTY 50): STRONG_BEARISH. | Trading above today's VWAP -- intraday buyers in control. | Broken above the opening-range high (~1858.9) -- bullish breakout setup. | Intraday volume running 5.6x its recent average -- confirms the move. | Opened with a healthy gap-up of 0.9% and holding. | Daily RSI(14) at 48 supports further upside without being extended. | Risk:Reward to Target 1 is only 1.20:1 -- below the 1.5:1 minimum bar.,NSE quote unavailable; using Yahoo Finance only.
2026-09-29,ADANIPORTS,Short-Term (Swing),64.5,1822.0,1818.53,1842.24,1842.24,1.11,1954.75,7.29,1759.77,-3.42,0.33,1-3 weeks (swing),"Market regime (NIFTY 50): STRONG_BEARISH. | Sector index ^CNXINFRA data unavailable today -- sector confirmation skipped. | MACD and RSI both support upward momentum. | Price above a rising 20-day SMA, itself above the 50-day SMA. | Volume is 2.1x the 20-day average -- strong confirmation. | Relative strength vs NIFTY: +16.3pp (outperforming). | ATR is 2.3% of price -- orderly volatility. | Risk:Reward to Target 1 is only 0.33:1 -- below the 1.5:1 minimum bar.",NSE quote unavailable; using Yahoo Finance only.
2026-09-29,DRREDDY,Short-Term (Swing),61.4,1251.9,1249.04,1265.33,1265.33,1.07,1324.92,5.83,1217.67,-2.73,0.39,1-3 weeks (swing),Market regime (NIFTY 50): STRONG_BEARISH. | Sector index (^CNXPHARMA) trend: NEUTRAL. | Outperforming NIFTY by +12.6pp over 20d -- strong relative strength. | Only one of MACD/RSI supports momentum -- partial confirmation. | Price above a rising 20/50-day SMA structure AND breaking the upper Bollinger Band. | Volume is 3.3x the 20-day average -- strong confirmation. | Relative strength vs NIFTY: +12.6pp (outperforming). | ATR is 1.8% of price -- orderly volatility. | Risk:Reward to Target 1 is only 0.39:1 -- below the 1.5:1 minimum bar.,NSE quote unavailable; using Yahoo Finance only.
2026-09-30,ICICIBANK,Intraday,75.5,1321.7,1317.36,1326.6,1330.65,0.68,1336.62,1.13,1314.24,-0.56,1.2,Intraday -- square off same session,Market regime (NIFTY 50): STRONG_BEARISH. | Trading above today's VWAP -- intraday buyers in control. | Broken above the opening-range high (~1320.0) -- bullish breakout setup. | Intraday volume running 4.4x its recent average -- confirms the move. | Opened with a healthy gap-up of 0.4% and holding. | Risk:Reward to Target 1 is only 1.20:1 -- below the 1.5:1 minimum bar.,NSE quote unavailable; using Yahoo Finance only.
2026-09-30,SHRIRAMFIN,Intraday,75.5,982.7,976.54,983.39,992.63,1.01,999.26,1.68,974.42,-0.84,1.2,Intraday -- square off same session,Market regime (NIFTY 50): STRONG_BEARISH. | Trading above today's VWAP -- intraday buyers in control. | Broken above the opening-range high (~978.5) -- bullish breakout setup. | Intraday volume running 2.3x its recent average -- confirms the move. | Opened with a healthy gap-up of 0.3% and holding. | Risk:Reward to Target 1 is only 1.20:1 -- below the 1.5:1 minimum bar.,NSE quote unavailable; using Yahoo Finance only.
2026-09-30,AXISBANK,Intraday,72.5,1226.0,1214.97,1223.49,1236.5,0.86,1243.51,1.43,1217.25,-0.71,1.2,Intraday -- square off same session,Market regime (NIFTY 50): STRONG_BEARISH. | Trading above today's VWAP -- intraday buyers in control. | Broken above the opening-range high (~1217.4) -- bullish breakout setup. | Intraday volume running 2.0x its recent average -- confirms the move. | Daily RSI(14) at 47 supports further upside without being extended. | Risk:Reward to Target 1 is only 1.20:1 -- below the 1.5:1 minimum bar.,NSE quote unavailable; using Yahoo Finance only.
2026-10-01,INFY,Intraday,75.5,1035.0,1017.26,1024.4,1046.4,1.1,1054.0,1.84,1025.5,-0.92,1.2,Intraday -- square off same session,Market regime (NIFTY 50): STRONG_BEARISH. | Trading above today's VWAP -- intraday buyers in control. | Broken above the opening-range high (~1019.3) -- bullish breakout setup. | Intraday volume running 4.8x its recent average -- confirms the move. | Opened with a healthy gap-up of 1.3% and holding. | Risk:Reward to Target 1 is only 1.20:1 -- below the 1.5:1 minimum bar.,NSE quote unavailable; using Yahoo Finance only.
2026-10-01,SBILIFE,Intraday,72.5,1721.6,1701.99,1713.93,1738.57,0.99,1749.88,1.64,1707.46,-0.82,1.2,Intraday -- square off same session,Market regime (NIFTY 50): STRONG_BEARISH. | Trading above today's VWAP -- intraday buyers in control. | Broken above the opening-range high (~1705.4) -- bullish breakout setup. | Intraday volume running 2.5x its recent average -- confirms the move. | Daily RSI(14) at 47 supports further upside without being extended. | Risk:Reward to Target 1 is only 1.20:1 -- below the 1.5:1 minimum bar.,NSE quote unavailable; using Yahoo Finance only.
2026-10-01,KOTAKBANK,Long-Term,60.5,418.35,417.51,420.86,457.73,9.41,488.74,16.83,391.95,-6.31,1.49,3-6+ months (positional),Market regime (NIFTY 50): STRONG_BEARISH. | Sector index (^NSEBANK) trend: BEARISH. | Caution: stock shows a bullish signal while its own sector is trending down. | Outperforming NIFTY by +17.0pp over 60d -- strong relative strength. | Price is above the 200-day SMA (established long-term uptrend). | 50-day SMA is above the 200-day SMA (golden-cross regime). | Price is above the 50-day SMA. | Trading within 8% of its 52-week high. | Only one of MACD/RSI supports medium-term momentum -- partial confirmation. | 20-day average volume is rising vs the 60-day average. | Relative strength vs NIFTY: +17.0pp (outperforming). | Risk:Reward to Target 1 is only 1.49:1 -- below the 1.5:1 minimum bar.,NSE quote unavailable; using Yahoo Finance only.
2026-10-02,INFY,Intraday,75.5,1035.0,1017.26,1024.4,1046.4,1.1,1054.0,1.84,1025.5,-0.92,1.2,Intraday -- square off same session,Market regime (NIFTY 50): STRONG_BEARISH. | Trading above today's VWAP -- intraday buyers in control. | Broken above the opening-range high (~1019.3) -- bullish breakout setup. | Intraday volume running 4.8x its recent average -- confirms the move. | Opened with a healthy gap-up of 1.3% and holding. | Risk:Reward to Target 1 is only 1.20:1 -- below the 1.5:1 minimum bar.,NSE quote unavailable; using Yahoo Finance only.
2026-10-02,SBILIFE,Intraday,72.5,1721.6,1701.99,1713.93,1738.57,0.99,1749.88,1.64,1707.46,-0.82,1.2,Intraday -- square off same session,Market regime (NIFTY 50): STRONG_BEARISH. | Trading above today's VWAP -- intraday buyers in control. | Broken above the opening-range high (~1705.4) -- bullish breakout setup. | Intraday volume running 2.5x its recent average -- confirms the move. | Daily RSI(14) at 47 supports further upside without being extended. | Risk:Reward to Target 1 is only 1.20:1 -- below the 1.5:1 minimum bar.,NSE quote unavailable; using Yahoo Finance only.
2026-10-05,ADANIPORTS,Intraday,90.0,1774.0,1757.48,1769.8,1792.68,1.05,1805.14,1.76,1758.43,-0.88,1.2,Intraday -- square off same session,Market regime (NIFTY 50): STRONG_BEARISH. | Trading above today's VWAP -- intraday buyers in control. | Broken above the opening-range high (~1761.0) -- bullish breakout setup. | Intraday volume running 2.9x its recent average -- confirms the move. | Opened with a healthy gap-up of 1.2% and holding. | Daily RSI(14) at 52 supports further upside without being extended. | Risk:Reward to Target 1 is only 1.20:1 -- below the 1.5:1 minimum bar.,NSE quote unavailable; using Yahoo Finance only.
2026-10-05,LT,Intraday,75.5,3750.0,3738.01,3764.23,3777.08,0.72,3795.13,1.2,3727.44,-0.6,1.2,Intraday -- square off same session,Market regime (NIFTY 50): STRONG_BEARISH. | Trading above today's VWAP -- intraday buyers in control. | Broken above the opening-range high (~3745.5) -- bullish breakout setup. | Intraday volume running 1.8x its recent average -- confirms the move. | Opened with a healthy gap-up of 0.6% and holding. | Risk:Reward to Target 1 is only 1.20:1 -- below the 1.5:1 minimum bar.,NSE quote unavailable; using Yahoo Finance only.
2026-10-05,TMPV,Intraday,75.5,288.65,284.23,286.22,292.11,1.2,294.41,2.0,285.77,-1.0,1.2,Intraday -- square off same session,Market regime (NIFTY 50): STRONG_BEARISH. | Trading above today's VWAP -- intraday buyers in control. | Broken above the opening-range high (~284.8) -- bullish breakout setup. | Intraday volume running 1.7x its recent average -- confirms the move. | Opened with a healthy gap-up of 0.7% and holding. | Risk:Reward to Target 1 is only 1.20:1 -- below the 1.5:1 minimum bar.,NSE quote unavailable; using Yahoo Finance only.
2026-10-05,ITC,Short-Term (Swing),61.8,268.9,268.36,270.51,273.76,1.81,286.2,6.43,260.79,-3.02,0.6,1-3 weeks (swing),Market regime (NIFTY 50): STRONG_BEARISH. | Sector index ^CNXFMCG data unavailable today -- sector confirmation skipped. | MACD and RSI both support upward momentum. | Bounced off the lower Bollinger Band -- potential mean-reversion structure. | Volume is 3.9x the 20-day average -- strong confirmation. | Relative strength vs NIFTY: +7.3pp (outperforming). | ATR is 2.0% of price -- orderly volatility. | Risk:Reward to Target 1 is only 0.60:1 -- below the 1.5:1 minimum bar.,NSE quote unavailable; using Yahoo Finance only.
2026-10-06,ETERNAL,Intraday,90.0,329.0,322.95,325.22,332.48,1.06,334.8,1.76,326.1,-0.88,1.2,Intraday -- square off same session,Market regime (NIFTY 50): STRONG_BEARISH. | Trading above today's VWAP -- intraday buyers in control. | Broken above the opening-range high (~323.6) -- bullish breakout setup. | Intraday volume running 4.2x its recent average -- confirms the move. | Opened with a healthy gap-up of 0.4% and holding. | Daily RSI(14) at 55 supports further upside without being extended. | Risk:Reward to Target 1 is only 1.20:1 -- below the 1.5:1 minimum bar. | Price has moved >1.2x ATR beyond the ideal entry zone -- ENTRY MISSED -- DO NOT CHASE.,NSE quote unavailable; using Yahoo Finance only.
2026-10-06,SBILIFE,Intraday,82.5,1750.0,1725.54,1737.64,1766.88,0.96,1778.14,1.61,1735.93,-0.8,1.2,Intraday -- square off same session,Market regime (NIFTY 50): STRONG_BEARISH. | Trading above today's VWAP -- intraday buyers in control. | Broken above the opening-range high (~1729.0) -- bullish breakout setup. | Intraday volume running 9.9x its recent average -- confirms the move. | Opened with a healthy gap-up of 0.6% and holding. | Daily RSI(14) at 52 supports further upside without being extended. | Risk:Reward to Target 1 is only 1.20:1 -- below the 1.5:1 minimum bar.,NSE quote unavailable; using Yahoo Finance only.
2026-10-06,AXISBANK,Intraday,75.0,1248.0,1242.01,1250.72,1257.92,0.79,1264.53,1.32,1239.74,-0.66,1.2,Intraday -- square off same session,Market regime (NIFTY 50): STRONG_BEARISH. | Trading above today's VWAP -- intraday buyers in control. | Broken above the opening-range high (~1244.5) -- bullish breakout setup. | Opened with a healthy gap-up of 0.8% and holding. | Daily RSI(14) at 54 supports further upside without being extended. | Risk:Reward to Target 1 is only 1.20:1 -- below the 1.5:1 minimum bar.,NSE quote unavailable; using Yahoo Finance only.
2026-10-06,KOTAKBANK,Short-Term (Swing),67.1,431.9,431.04,434.49,439.96,1.87,462.86,7.17,417.39,-3.36,0.56,1-3 weeks (swing),"Market regime (NIFTY 50): STRONG_BEARISH. | Sector index (^NSEBANK) trend: BEARISH. | Caution: stock shows a bullish signal while its own sector is trending down. | Outperforming NIFTY by +7.0pp over 20d -- strong relative strength. | MACD just crossed bullish, confirmed by RSI turning up from a neutral zone -- momentum agreement. | Price above a rising 20/50-day SMA structure AND breaking the upper Bollinger Band. | Volume is 2.2x the 20-day average -- strong confirmation. | Relative strength vs NIFTY: +7.0pp (outperforming). | ATR is 2.2% of price -- orderly volatility. | Risk:Reward to Target 1 is only 0.56:1 -- below the 1.5:1 minimum bar.",NSE quote unavailable; using Yahoo Finance only.
