Symbol,Category,FirstShownDate,EntryPrice,ClosedDate,ExitPrice,ExitReason,ReturnPct,ScoreAtSignal
HDFCBANK,Short-Term (Swing),2026-09-11,708.25,2026-09-18,733.6,target1,3.58,67.0
TITAN,Long-Term,2026-09-13,5009.5,2026-09-18,4782.01,stop_loss,-4.54,80.0
DRREDDY,Short-Term (Swing),2026-09-11,1165.5,2026-09-21,1208.02,target1,3.65,75.0
KOTAKBANK,Short-Term (Swing),2026-09-11,419.0,2026-09-24,408.55,stop_loss,-2.49,42.0
BAJAJHLDNG,Short-Term (Swing),2026-09-21,11409.0,2026-09-24,11076.56,stop_loss,-2.91,60.0
ADANIENT,Long-Term,2026-09-11,3060.0,2026-09-28,2811.63,stop_loss,-8.12,100.0
BAJAJ-AUTO,Long-Term,2026-09-13,11678.0,2026-09-28,11030.67,stop_loss,-5.54,80.0
KOTAKBANK,Long-Term,2026-09-13,419.0,2026-09-28,398.1,stop_loss,-4.99,65.0
GRASIM,Long-Term,2026-09-13,3281.9,2026-09-30,3088.37,stop_loss,-5.9,90.0
APOLLOHOSP,Long-Term,2026-09-13,8836.0,2026-09-30,8383.41,stop_loss,-5.12,75.0
DRREDDY,Short-Term (Swing),2026-09-29,1251.9,2026-09-30,1217.67,stop_loss,-2.73,61.4
ADANIPORTS,Short-Term (Swing),2026-09-29,1822.0,2026-10-01,1759.77,stop_loss,-3.42,64.5
COALINDIA,Short-Term (Swing),2026-09-22,426.7,2026-10-06,414.71,stop_loss,-2.81,60.9
KOTAKBANK,Short-Term (Swing),2026-10-06,431.9,2026-10-07,439.96,target1,1.87,67.1
