Date,Open,High,Low,Close,Adj Close,Volume,Dividends,Stock Splits
2023-09-11,1095.5,1109.99755859375,1093.6700439453125,1106.3525390625,1069.6904296875,939540,0.0,0.0
2023-09-12,1106.7149658203125,1119.75,1100.85498046875,1115.887451171875,1078.9091796875,987580,0.0,0.0
2023-09-13,1113.7774658203125,1128.45751953125,1107.50244140625,1108.989990234375,1072.2403564453125,1016500,0.0,0.0
2023-09-14,1111.5,1125.5,1107.8499755859375,1123.885009765625,1086.6419677734375,1621120,0.0,0.0
2023-09-15,1125.0,1135.050048828125,1115.947509765625,1131.114990234375,1093.6322021484375,2322820,0.0,0.0
2023-09-18,1131.0,1142.0,1122.6324462890625,1140.969970703125,1103.1607666015625,1150640,0.0,0.0
2023-09-20,1127.802490234375,1141.3275146484375,1127.802490234375,1134.012451171875,1096.43359375,1149000,0.0,0.0
2023-09-21,1132.99755859375,1133.49755859375,1117.5,1126.675048828125,1089.3394775390625,923660,0.0,0.0
2023-09-22,1126.0,1131.99755859375,1119.0,1126.625,1089.2911376953125,766020,0.0,0.0
2023-09-25,1128.5,1135.43505859375,1122.550048828125,1131.9375,1094.427490234375,688540,0.0,0.0
2023-09-26,1135.0,1153.14501953125,1129.802490234375,1150.2774658203125,1112.1595458984375,1320020,0.0,0.0
2023-09-27,1150.25,1150.2774658203125,1137.072509765625,1143.6500244140625,1105.7518310546875,833060,0.0,0.0
2023-09-28,1145.0,1145.3974609375,1122.3900146484375,1126.9224853515625,1089.5787353515625,1039620,0.0,0.0
2023-09-29,1127.5474853515625,1135.25,1121.5,1125.344970703125,1088.053466796875,904580,0.0,0.0
2023-10-03,1125.344970703125,1129.7349853515625,1112.7574462890625,1115.762451171875,1078.7884521484375,1000260,0.0,0.0
2023-10-04,1140.25244140625,1167.93994140625,1127.550048828125,1149.31005859375,1111.224365234375,4269760,0.0,0.0
2023-10-05,1150.25,1155.3599853515625,1138.75,1145.93505859375,1107.9610595703125,1360000,0.0,0.0
2023-10-06,1149.49755859375,1153.3800048828125,1140.7449951171875,1145.612548828125,1107.6494140625,776240,0.0,0.0
2023-10-09,1140.6025390625,1149.0400390625,1140.0,1144.092529296875,1106.1796875,475100,0.0,0.0
2023-10-10,1148.0,1150.8499755859375,1141.2674560546875,1148.4024658203125,1110.346923828125,793260,0.0,0.0
2023-10-11,1148.4024658203125,1163.6949462890625,1146.5,1160.1025390625,1121.6591796875,1346760,0.0,0.0
2023-10-12,1161.1500244140625,1165.0,1148.1025390625,1153.7574462890625,1115.5242919921875,1084440,0.0,0.0
2023-10-13,1153.75244140625,1179.9925537109375,1147.77001953125,1177.717529296875,1138.6905517578125,1815820,0.0,0.0
2023-10-16,1177.5,1177.5,1148.75244140625,1155.427490234375,1117.1390380859375,1732160,0.0,0.0
2023-10-17,1156.5,1168.1099853515625,1156.5,1166.2650146484375,1127.6175537109375,763320,0.0,0.0
2023-10-18,1166.2650146484375,1172.3575439453125,1160.0,1163.1474609375,1124.6033935546875,713420,0.0,0.0
2023-10-19,1162.844970703125,1211.3499755859375,1155.0250244140625,1206.6175537109375,1166.6328125,5848240,0.0,0.0
2023-10-20,1204.99755859375,1237.25,1200.0899658203125,1213.9849853515625,1173.756103515625,4158680,0.0,0.0
2023-10-23,1215.0,1233.74755859375,1206.41748046875,1209.887451171875,1169.7943115234375,1584600,0.0,0.0
2023-10-25,1214.0,1226.4849853515625,1207.655029296875,1213.135009765625,1172.934326171875,2227000,0.0,0.0
2023-10-26,1213.0,1213.030029296875,1171.050048828125,1177.280029296875,1138.2674560546875,2538800,0.0,0.0
2023-10-27,1177.5250244140625,1211.4000244140625,1172.0174560546875,1202.8475341796875,1162.9876708984375,2608740,0.0,0.0
2023-10-30,1205.0,1212.5,1193.25244140625,1208.5849609375,1168.5350341796875,1452280,0.0,0.0
2023-10-31,1215.0,1216.5,1206.1025390625,1211.739990234375,1171.58544921875,1032780,0.0,0.0
2023-11-01,1210.0,1210.00244140625,1189.0,1193.635009765625,1160.7861328125,1273800,7.0,0.0
2023-11-02,1199.510009765625,1207.489990234375,1188.655029296875,1205.5899658203125,1172.4122314453125,2141360,0.0,0.0
2023-11-03,1207.14501953125,1210.0,1198.842529296875,1199.9525146484375,1166.929931640625,954280,0.0,0.0
2023-11-06,1207.50244140625,1219.5250244140625,1202.93505859375,1214.4775390625,1181.054931640625,1485520,0.0,0.0
2023-11-07,1214.3499755859375,1224.0,1206.00244140625,1218.4749755859375,1184.9423828125,1059300,0.0,0.0
2023-11-08,1218.4525146484375,1220.635009765625,1211.00244140625,1214.0775146484375,1180.666015625,726100,0.0,0.0
2023-11-09,1217.5,1220.75,1209.6175537109375,1211.3375244140625,1178.0013427734375,844460,0.0,0.0
2023-11-10,1211.3375244140625,1212.4749755859375,1202.782470703125,1206.8599853515625,1173.647216796875,566340,0.0,0.0
2023-11-13,1214.9000244140625,1214.9000244140625,1201.5999755859375,1204.29248046875,1171.150390625,570560,0.0,0.0
2023-11-15,1212.25,1212.449951171875,1200.4000244140625,1208.7025146484375,1175.4390869140625,1533940,0.0,0.0
2023-11-16,1209.75244140625,1213.625,1202.300048828125,1204.14501953125,1171.0069580078125,1388360,0.0,0.0
2023-11-17,1205.0,1224.2449951171875,1203.22998046875,1218.6524658203125,1185.1151123046875,1401020,0.0,0.0
2023-11-20,1218.75244140625,1220.18994140625,1208.300048828125,1215.12744140625,1181.6871337890625,1082300,0.0,0.0
2023-11-21,1215.25,1220.9925537109375,1209.012451171875,1218.6724853515625,1185.134521484375,906580,0.0,0.0
2023-11-22,1218.50244140625,1226.0,1213.0,1217.54248046875,1184.0357666015625,736420,0.0,0.0
2023-11-23,1220.7025146484375,1229.4949951171875,1217.5574951171875,1219.6650390625,1186.099853515625,736280,0.0,0.0
2023-11-24,1222.5,1223.6424560546875,1205.4024658203125,1206.947509765625,1173.732421875,808240,0.0,0.0
2023-11-28,1206.9000244140625,1213.0,1194.157470703125,1210.9300537109375,1177.605224609375,1753940,0.0,0.0
2023-11-29,1211.050048828125,1216.75,1200.552490234375,1203.375,1170.2581787109375,1254300,0.0,0.0
2023-11-30,1204.0,1217.010009765625,1198.2674560546875,1211.8074951171875,1178.4586181640625,2944060,0.0,0.0
2023-12-01,1216.99755859375,1218.25,1207.8199462890625,1216.9300537109375,1183.4400634765625,1273000,0.0,0.0
2023-12-04,1219.449951171875,1226.75,1206.9324951171875,1220.1400146484375,1186.5616455078125,1987840,0.0,0.0
2023-12-05,1222.550048828125,1233.6925048828125,1220.1400146484375,1230.4449462890625,1196.5828857421875,1343740,0.0,0.0
2023-12-06,1236.43994140625,1254.844970703125,1235.0999755859375,1248.425048828125,1214.068359375,1592160,0.0,0.0
2023-12-07,1248.425048828125,1258.50244140625,1240.6650390625,1248.762451171875,1214.396728515625,1201700,0.0,0.0
2023-12-08,1249.75,1258.7850341796875,1237.8175048828125,1239.47998046875,1205.36962890625,1401520,0.0,0.0
2023-12-11,1244.0,1256.0,1231.949951171875,1252.1724853515625,1217.712646484375,1078740,0.0,0.0
2023-12-12,1252.1724853515625,1262.0374755859375,1240.112548828125,1247.3575439453125,1213.0302734375,1282460,0.0,0.0
2023-12-13,1247.9200439453125,1254.0,1241.25,1252.219970703125,1217.7589111328125,891440,0.0,0.0
2023-12-14,1257.199951171875,1257.199951171875,1237.5050048828125,1239.6650390625,1205.54931640625,2094520,0.0,0.0
2023-12-15,1242.50244140625,1247.6075439453125,1211.0,1218.3199462890625,1184.7916259765625,3190820,0.0,0.0
2023-12-18,1222.5,1229.030029296875,1214.949951171875,1217.7125244140625,1184.2010498046875,1326480,0.0,0.0
2023-12-19,1228.489990234375,1285.25,1225.5450439453125,1274.4849853515625,1239.4110107421875,7057320,0.0,0.0
2023-12-20,1284.699951171875,1288.9224853515625,1252.760009765625,1254.887451171875,1220.3529052734375,2889760,0.0,0.0
2023-12-21,1254.887451171875,1262.4000244140625,1245.385009765625,1255.79248046875,1221.2330322265625,2212760,0.0,0.0
2023-12-22,1262.0,1270.49755859375,1255.0,1268.4224853515625,1233.5155029296875,1776560,0.0,0.0
2023-12-26,1274.300048828125,1280.0,1268.25,1278.1025390625,1242.92919921875,1235700,0.0,0.0
2023-12-27,1280.0,1288.3974609375,1279.0250244140625,1286.0224609375,1250.6309814453125,1428320,0.0,0.0
2023-12-28,1293.4925537109375,1318.699951171875,1288.760009765625,1312.4949951171875,1276.3751220703125,3155440,0.0,0.0
2023-12-29,1312.5,1332.5,1307.282470703125,1329.0150146484375,1292.4404296875,2068160,0.0,0.0
2024-01-01,1332.5,1372.262451171875,1332.0,1368.6199951171875,1330.9554443359375,2632200,0.0,0.0
2024-01-02,1375.0,1384.6500244140625,1351.2025146484375,1361.157470703125,1323.6983642578125,2831540,0.0,0.0
2024-01-03,1367.25,1370.864990234375,1328.6500244140625,1331.760009765625,1295.1099853515625,2026920,0.0,0.0
2024-01-04,1342.552490234375,1357.50244140625,1332.6025390625,1355.8199462890625,1318.5078125,2647800,0.0,0.0
2024-01-05,1377.0,1377.0,1321.2249755859375,1333.199951171875,1296.5103759765625,5154128,0.0,10.0
2024-01-08,1341.5,1344.5,1305.5,1309.6500244140625,1273.6085205078125,2064756,0.0,0.0
2024-01-09,1320.0,1320.1500244140625,1293.4749755859375,1296.300048828125,1260.6258544921875,1626054,0.0,0.0
2024-01-10,1295.0,1311.199951171875,1285.2249755859375,1289.050048828125,1253.575439453125,2052936,0.0,0.0
2024-01-11,1290.0,1294.9749755859375,1275.050048828125,1278.5999755859375,1243.4129638671875,1551334,0.0,0.0
2024-01-12,1278.5999755859375,1279.9749755859375,1265.0,1274.800048828125,1239.7176513671875,2214110,0.0,0.0
2024-01-15,1282.0,1288.074951171875,1265.324951171875,1273.7750244140625,1238.7208251953125,1787668,0.0,0.0
2024-01-16,1278.449951171875,1278.449951171875,1265.675048828125,1271.0250244140625,1236.0465087890625,1386740,0.0,0.0
2024-01-17,1271.0250244140625,1278.574951171875,1262.699951171875,1271.550048828125,1236.556884765625,1603238,0.0,0.0
2024-01-18,1267.5,1275.0,1248.074951171875,1251.0,1216.5723876953125,1269820,0.0,0.0
2024-01-19,1255.0,1260.949951171875,1249.8499755859375,1257.074951171875,1222.4803466796875,1882782,0.0,0.0
2024-01-23,1240.0,1249.0999755859375,1223.0,1231.449951171875,1197.560302734375,1381076,0.0,0.0
2024-01-24,1238.949951171875,1259.699951171875,1227.5,1256.9749755859375,1222.383056640625,1318076,0.0,0.0
2024-01-25,1262.5250244140625,1264.0,1233.8499755859375,1241.074951171875,1206.9205322265625,1571546,0.0,0.0
2024-01-29,1241.074951171875,1252.5,1238.300048828125,1249.2750244140625,1214.89501953125,1265438,0.0,0.0
2024-01-30,1256.0,1265.574951171875,1244.0,1246.0250244140625,1211.734375,1336068,0.0,0.0
2024-01-31,1254.5,1255.875,1240.8499755859375,1253.0,1218.517333984375,1432188,0.0,0.0
2024-02-01,1255.0,1255.449951171875,1231.3499755859375,1233.9000244140625,1199.94287109375,1641132,0.0,0.0
2024-02-02,1234.0,1248.0,1231.5250244140625,1240.699951171875,1206.5557861328125,1508122,0.0,0.0
2024-02-05,1252.5,1252.5,1228.3499755859375,1231.3499755859375,1197.4632568359375,1065954,0.0,0.0
2024-02-06,1231.175048828125,1238.9749755859375,1222.875,1228.324951171875,1194.521484375,1540366,0.0,0.0
2024-02-07,1235.0,1255.7750244140625,1223.3499755859375,1249.800048828125,1215.4056396484375,3094808,0.0,0.0
2024-02-08,1251.9749755859375,1256.925048828125,1204.550048828125,1211.5250244140625,1178.183837890625,3308894,0.0,0.0
2024-02-09,1221.425048828125,1232.949951171875,1210.0250244140625,1225.050048828125,1191.336669921875,1677638,0.0,0.0
2024-02-12,1229.875,1233.9749755859375,1219.6500244140625,1229.5250244140625,1195.6883544921875,890538,0.0,0.0
2024-02-13,1237.0,1238.300048828125,1222.4749755859375,1228.675048828125,1194.862060546875,621970,0.0,0.0
2024-02-14,1225.0,1248.675048828125,1217.5250244140625,1243.5,1209.2789306640625,1018616,0.0,0.0
2024-02-15,1247.5,1247.5,1219.0,1226.7750244140625,1196.381591796875,1680952,3.5,0.0
2024-02-16,1228.5250244140625,1245.25,1224.300048828125,1243.824951171875,1213.009033203125,1493232,0.0,0.0
2024-02-19,1247.5,1262.75,1240.699951171875,1256.625,1225.4920654296875,955040,0.0,0.0
2024-02-20,1259.5,1270.9000244140625,1248.550048828125,1269.699951171875,1238.242919921875,1262888,0.0,0.0
2024-02-21,1269.699951171875,1275.5,1259.074951171875,1271.800048828125,1240.291015625,1786364,0.0,0.0
2024-02-22,1280.0,1282.9749755859375,1262.5,1281.574951171875,1249.823974609375,1504742,0.0,0.0
2024-02-23,1282.5,1291.5,1275.9749755859375,1289.5,1257.552490234375,1211238,0.0,0.0
2024-02-26,1294.0,1294.0,1283.375,1291.949951171875,1259.9417724609375,1323894,0.0,0.0
2024-02-27,1292.5,1300.7249755859375,1283.375,1299.3499755859375,1267.158447265625,1261744,0.0,0.0
2024-02-28,1300.5,1302.5,1280.125,1285.449951171875,1253.6029052734375,985574,0.0,0.0
2024-02-29,1285.7249755859375,1303.0999755859375,1273.5250244140625,1298.0999755859375,1265.939453125,2774576,0.0,0.0
2024-03-01,1298.0999755859375,1308.2750244140625,1291.25,1300.7249755859375,1268.4993896484375,1511456,0.0,0.0
2024-03-04,1297.449951171875,1300.550048828125,1288.699951171875,1294.550048828125,1262.4774169921875,1268620,0.0,0.0
2024-03-05,1295.0,1297.5999755859375,1266.0,1269.324951171875,1237.877197265625,678604,0.0,0.0
2024-03-06,1270.0,1283.375,1254.125,1266.5250244140625,1235.1468505859375,1983280,0.0,0.0
2024-03-07,1265.0,1283.0,1259.5,1280.4749755859375,1248.7510986328125,1297304,0.0,0.0
2024-03-11,1280.4749755859375,1315.5,1274.2750244140625,1305.75,1273.39990234375,2990598,0.0,0.0
2024-03-12,1303.0250244140625,1307.5250244140625,1283.1500244140625,1295.074951171875,1262.9893798828125,1726470,0.0,0.0
2024-03-13,1297.4749755859375,1326.824951171875,1276.425048828125,1291.4749755859375,1259.4786376953125,3627604,0.0,0.0
2024-03-14,1295.0,1309.9749755859375,1286.949951171875,1306.375,1274.0093994140625,2245994,0.0,0.0
2024-03-15,1308.4749755859375,1314.949951171875,1292.5999755859375,1301.824951171875,1269.572021484375,2533984,0.0,0.0
2024-03-18,1301.824951171875,1305.4000244140625,1279.375,1290.175048828125,1258.2109375,1285192,0.0,0.0
2024-03-19,1290.0,1292.375,1234.074951171875,1248.0250244140625,1217.10498046875,3497728,0.0,0.0
2024-03-20,1257.0,1277.5,1249.0250244140625,1275.125,1243.53369140625,1399290,0.0,0.0
2024-03-21,1275.5,1281.0250244140625,1262.574951171875,1276.824951171875,1245.1915283203125,1807754,0.0,0.0
2024-03-22,1270.0999755859375,1296.0,1268.5,1286.699951171875,1254.8218994140625,2027126,0.0,0.0
2024-03-26,1284.0,1298.25,1266.074951171875,1293.050048828125,1261.0146484375,1941704,0.0,0.0
2024-03-27,1293.050048828125,1295.2750244140625,1275.875,1283.2249755859375,1251.432861328125,1801192,0.0,0.0
2024-03-28,1283.5250244140625,1319.3499755859375,1283.5250244140625,1311.175048828125,1278.6905517578125,4365832,0.0,0.0
2024-04-01,1311.175048828125,1321.300048828125,1291.25,1292.800048828125,1260.770751953125,1486064,0.0,0.0
2024-04-02,1298.5,1315.0,1291.5,1311.6500244140625,1279.1536865234375,1445766,0.0,0.0
2024-04-03,1311.6500244140625,1311.9749755859375,1272.5,1276.9749755859375,1245.337890625,3850278,0.0,0.0
2024-04-04,1284.9000244140625,1285.0,1257.050048828125,1274.800048828125,1243.2166748046875,2782752,0.0,0.0
2024-04-05,1287.5,1288.0,1267.0,1268.824951171875,1237.3897705078125,1532454,0.0,0.0
2024-04-08,1265.5,1273.625,1246.425048828125,1249.0250244140625,1218.0804443359375,2436980,0.0,0.0
2024-04-09,1253.0,1261.0999755859375,1248.5,1251.4000244140625,1220.3963623046875,867882,0.0,0.0
2024-04-10,1257.0,1266.5,1247.0250244140625,1263.800048828125,1232.4892578125,989760,0.0,0.0
2024-04-12,1267.3499755859375,1279.5,1258.0999755859375,1268.0999755859375,1236.6827392578125,2479930,0.0,0.0
2024-04-15,1255.0,1288.5,1255.0,1276.824951171875,1245.1915283203125,2293646,0.0,0.0
2024-04-16,1275.074951171875,1291.824951171875,1271.1500244140625,1273.050048828125,1241.510009765625,1537722,0.0,0.0
2024-04-18,1270.050048828125,1271.324951171875,1205.300048828125,1231.2750244140625,1200.77001953125,6077666,0.0,0.0
2024-04-19,1215.0,1235.675048828125,1205.0,1218.8499755859375,1188.65283203125,3702024,0.0,0.0
2024-04-22,1218.25,1241.0,1213.925048828125,1229.3499755859375,1198.8927001953125,2504706,0.0,0.0
2024-04-23,1224.5,1255.0,1212.9749755859375,1250.625,1219.6407470703125,2248818,0.0,0.0
2024-04-24,1257.5250244140625,1267.9000244140625,1244.125,1250.074951171875,1219.1041259765625,1447036,0.0,0.0
2024-04-25,1259.9749755859375,1288.949951171875,1235.625,1281.324951171875,1249.5799560546875,6481728,0.0,0.0
2024-04-26,1287.4749755859375,1291.4000244140625,1235.5250244140625,1241.375,1210.6197509765625,2643128,0.0,0.0
2024-04-29,1251.0,1262.199951171875,1245.0,1254.9000244140625,1223.8096923828125,1243124,0.0,0.0
2024-04-30,1258.8499755859375,1268.800048828125,1250.2750244140625,1253.699951171875,1222.639404296875,1625278,0.0,0.0
2024-05-02,1253.699951171875,1270.5,1252.5,1256.1500244140625,1225.0286865234375,2223826,0.0,0.0
2024-05-03,1257.550048828125,1261.5250244140625,1218.125,1228.050048828125,1197.625,2257460,0.0,0.0
2024-05-06,1237.199951171875,1239.9749755859375,1223.4749755859375,1228.699951171875,1198.2587890625,1431992,0.0,0.0
2024-05-07,1234.5,1264.175048828125,1229.7750244140625,1254.324951171875,1223.2490234375,2146918,0.0,0.0
2024-05-08,1251.2249755859375,1274.0,1242.824951171875,1269.5,1238.0479736328125,1398140,0.0,0.0
2024-05-09,1269.5,1274.949951171875,1251.0,1256.7249755859375,1225.5894775390625,1404310,0.0,0.0
2024-05-10,1256.7249755859375,1274.5,1251.7249755859375,1266.5999755859375,1235.2198486328125,1394832,0.0,0.0
2024-05-13,1266.375,1270.949951171875,1253.0250244140625,1258.125,1226.954833984375,680762,0.0,0.0
2024-05-14,1253.050048828125,1259.4749755859375,1241.0,1243.675048828125,1212.86279296875,1113494,0.0,0.0
2024-05-15,1244.0,1249.5,1230.0,1232.5,1201.964599609375,868812,0.0,0.0
2024-05-16,1235.0,1239.9749755859375,1210.1500244140625,1234.175048828125,1203.5982666015625,1944988,0.0,0.0
2024-05-17,1234.175048828125,1234.175048828125,1216.9000244140625,1222.75,1192.456298828125,1442356,0.0,0.0
2024-05-21,1233.0,1244.800048828125,1216.0,1230.4000244140625,1199.9166259765625,2574902,0.0,0.0
2024-05-22,1236.0,1243.75,1230.949951171875,1234.574951171875,1203.98828125,1574654,0.0,0.0
2024-05-23,1240.5,1243.75,1227.7750244140625,1237.074951171875,1206.4263916015625,1563326,0.0,0.0
2024-05-24,1238.4749755859375,1242.5,1229.0250244140625,1233.875,1203.3055419921875,907544,0.0,0.0
2024-05-27,1238.5,1239.5,1227.5,1229.949951171875,1199.477783203125,1071662,0.0,0.0
2024-05-28,1230.574951171875,1233.824951171875,1223.0,1225.8499755859375,1195.4794921875,1043344,0.0,0.0
2024-05-29,1223.8499755859375,1248.5,1222.5,1238.0999755859375,1207.4259033203125,1739200,0.0,0.0
2024-05-30,1232.5250244140625,1236.550048828125,1200.2750244140625,1202.4000244140625,1172.6104736328125,2548428,0.0,0.0
2024-05-31,1212.800048828125,1212.800048828125,1172.5,1177.449951171875,1148.278564453125,5065946,0.0,0.0
2024-06-03,1187.4000244140625,1194.4749755859375,1175.0,1177.5250244140625,1148.351806640625,2145030,0.0,0.0
2024-06-04,1181.9749755859375,1219.0,1163.7249755859375,1213.875,1183.8011474609375,3117062,0.0,0.0
2024-06-05,1215.0,1287.0250244140625,1215.0,1254.925048828125,1223.8341064453125,4057558,0.0,0.0
2024-06-06,1259.0,1259.0,1226.324951171875,1235.699951171875,1205.08544921875,1944280,0.0,0.0
2024-06-07,1238.2249755859375,1258.125,1233.5,1251.2249755859375,1220.2257080078125,2022404,0.0,0.0
2024-06-10,1255.0,1282.5,1253.5250244140625,1274.0999755859375,1242.5340576171875,1590348,0.0,0.0
2024-06-11,1280.0,1287.5,1267.0,1270.9749755859375,1239.4864501953125,1138822,0.0,0.0
2024-06-12,1272.0,1277.375,1260.5,1268.6500244140625,1237.2191162109375,960816,0.0,0.0
2024-06-13,1297.074951171875,1307.2249755859375,1272.574951171875,1275.875,1244.26513671875,2162544,0.0,0.0
2024-06-14,1282.300048828125,1282.300048828125,1267.050048828125,1271.25,1239.7547607421875,858944,0.0,0.0
2024-06-18,1274.5,1277.5,1267.0,1275.175048828125,1243.58251953125,519108,0.0,0.0
2024-06-19,1275.0,1279.800048828125,1258.925048828125,1263.0250244140625,1231.7335205078125,1568614,0.0,0.0
2024-06-20,1262.5,1275.574951171875,1250.0,1269.875,1238.41357421875,1314826,0.0,0.0
2024-06-21,1266.300048828125,1274.0,1244.25,1249.199951171875,1218.2509765625,2543088,0.0,0.0
2024-06-24,1249.199951171875,1266.0,1242.25,1265.0250244140625,1233.68408203125,1448402,0.0,0.0
2024-06-25,1267.5,1269.1500244140625,1252.5,1257.7249755859375,1226.5645751953125,625460,0.0,0.0
2024-06-26,1261.300048828125,1273.5,1253.7249755859375,1267.125,1235.73193359375,958712,0.0,0.0
2024-06-27,1265.5999755859375,1277.0,1254.0250244140625,1266.875,1235.4881591796875,1732622,0.0,0.0
2024-06-28,1266.875,1286.8499755859375,1264.1500244140625,1275.824951171875,1244.21630859375,2364066,0.0,0.0
2024-07-01,1279.9000244140625,1295.550048828125,1278.5,1284.050048828125,1252.2376708984375,1849028,0.0,0.0
2024-07-02,1292.699951171875,1294.0,1266.574951171875,1272.2249755859375,1240.7054443359375,1162200,0.0,0.0
2024-07-03,1275.050048828125,1284.7750244140625,1270.3499755859375,1275.75,1244.14306640625,631912,0.0,0.0
2024-07-04,1280.0,1282.5,1271.0250244140625,1272.574951171875,1241.046875,627352,0.0,0.0
2024-07-05,1275.300048828125,1289.800048828125,1266.25,1287.074951171875,1255.1875,1583026,0.0,0.0
2024-07-08,1287.074951171875,1310.0,1280.7249755859375,1301.699951171875,1269.4501953125,1448552,0.0,0.0
2024-07-09,1313.6500244140625,1320.050048828125,1296.800048828125,1316.550048828125,1283.932373046875,1665146,0.0,0.0
2024-07-10,1318.949951171875,1324.9749755859375,1299.0250244140625,1308.2249755859375,1275.8134765625,1069980,0.0,0.0
2024-07-11,1310.0,1315.800048828125,1281.8499755859375,1296.5999755859375,1264.4766845703125,2107598,0.0,0.0
2024-07-12,1302.5,1309.925048828125,1292.925048828125,1304.5,1272.180908203125,1451786,0.0,0.0
2024-07-15,1304.5250244140625,1309.75,1298.5,1302.550048828125,1270.279296875,695922,0.0,0.0
2024-07-16,1302.300048828125,1309.425048828125,1284.5250244140625,1303.6500244140625,1276.8662109375,1514138,5.625,0.0
2024-07-18,1287.5,1317.449951171875,1287.5,1313.5250244140625,1286.538330078125,1733594,0.0,0.0
2024-07-19,1317.425048828125,1322.75,1293.2249755859375,1298.925048828125,1272.2381591796875,1077872,0.0,0.0
2024-07-22,1298.925048828125,1315.0,1282.6500244140625,1293.6500244140625,1267.0716552734375,1490342,0.0,0.0
2024-07-23,1298.300048828125,1303.25,1275.0,1290.7750244140625,1264.2554931640625,1936998,0.0,0.0
2024-07-24,1290.5,1290.5,1259.3499755859375,1270.699951171875,1244.5928955078125,2622088,0.0,0.0
2024-07-25,1272.4000244140625,1278.324951171875,1229.7249755859375,1240.324951171875,1214.8421630859375,6938362,0.0,0.0
2024-07-26,1246.300048828125,1246.300048828125,1225.75,1238.449951171875,1213.0054931640625,3239386,0.0,0.0
2024-07-29,1241.800048828125,1243.4749755859375,1229.5,1235.1500244140625,1209.7733154296875,1605802,0.0,0.0
2024-07-30,1235.175048828125,1240.199951171875,1225.5,1228.824951171875,1203.578369140625,3429516,0.0,0.0
2024-07-31,1235.0,1238.5,1226.0,1228.175048828125,1202.9417724609375,1644722,0.0,0.0
2024-08-01,1232.5,1246.1500244140625,1228.175048828125,1242.0,1216.482666015625,2653524,0.0,0.0
2024-08-02,1240.0,1257.0,1232.5,1247.550048828125,1221.918701171875,2310948,0.0,0.0
2024-08-05,1244.0,1264.449951171875,1237.5250244140625,1255.449951171875,1229.6563720703125,2651820,0.0,0.0
2024-08-06,1256.949951171875,1264.0,1250.5,1254.25,1228.4810791015625,1898862,0.0,0.0
2024-08-07,1259.2750244140625,1264.4749755859375,1255.125,1261.4000244140625,1235.4842529296875,1299940,0.0,0.0
2024-08-08,1259.2750244140625,1262.5,1239.0,1244.550048828125,1218.9803466796875,2850012,0.0,0.0
2024-08-09,1253.300048828125,1255.949951171875,1245.0999755859375,1252.3499755859375,1226.6199951171875,540012,0.0,0.0
2024-08-12,1250.9000244140625,1254.9749755859375,1234.175048828125,1236.550048828125,1211.1446533203125,950040,0.0,0.0
2024-08-13,1237.0,1246.0,1236.75,1242.3499755859375,1216.825439453125,623692,0.0,0.0
2024-08-14,1243.449951171875,1245.9749755859375,1230.300048828125,1237.300048828125,1211.8792724609375,1123752,0.0,0.0
2024-08-16,1245.0,1266.7249755859375,1235.675048828125,1262.7249755859375,1236.7818603515625,1719668,0.0,0.0
2024-08-19,1265.0,1273.0,1250.2750244140625,1251.574951171875,1225.8609619140625,955402,0.0,0.0
2024-08-20,1255.300048828125,1263.0,1249.5250244140625,1259.25,1233.3782958984375,969464,0.0,0.0
2024-08-21,1264.949951171875,1277.5,1260.824951171875,1275.875,1249.6617431640625,1249546,0.0,0.0
2024-08-22,1282.5,1282.5250244140625,1272.5,1275.5,1249.29443359375,1269810,0.0,0.0
2024-08-23,1275.4749755859375,1275.675048828125,1260.0,1264.5999755859375,1238.6182861328125,1023074,0.0,0.0
2024-08-26,1264.5999755859375,1272.5,1253.9749755859375,1259.7750244140625,1233.8924560546875,1266798,0.0,0.0
2024-08-27,1264.324951171875,1266.4000244140625,1255.75,1260.7249755859375,1234.822998046875,782130,0.0,0.0
2024-08-28,1259.5,1259.5,1245.0,1246.25,1220.6453857421875,1130322,0.0,0.0
2024-08-29,1249.449951171875,1259.7249755859375,1245.324951171875,1252.2750244140625,1226.5465087890625,1799588,0.0,0.0
2024-08-30,1252.2750244140625,1258.6500244140625,1245.9000244140625,1250.375,1224.685791015625,3808974,0.0,0.0
2024-09-02,1250.0,1258.0,1248.5250244140625,1254.949951171875,1229.16650390625,1751182,0.0,0.0
2024-09-03,1251.0,1279.5,1251.0,1265.375,1239.37744140625,1975054,0.0,0.0
2024-09-04,1262.5250244140625,1270.7249755859375,1256.8499755859375,1267.375,1241.3363037109375,1005886,0.0,0.0
2024-09-05,1267.375,1267.5,1246.074951171875,1252.449951171875,1226.7178955078125,2238592,0.0,0.0
2024-09-06,1254.300048828125,1259.625,1244.0250244140625,1251.5999755859375,1225.8853759765625,1673400,0.0,0.0
2024-09-09,1247.574951171875,1260.0,1244.375,1258.375,1232.521240234375,1167196,0.0,0.0
2024-09-10,1264.5,1273.949951171875,1257.0,1267.75,1241.70361328125,3044078,0.0,0.0
2024-09-11,1273.5,1280.800048828125,1259.7249755859375,1263.425048828125,1237.467529296875,1959876,0.0,0.0
2024-09-12,1264.949951171875,1270.0,1244.0,1263.925048828125,1237.9573974609375,3109758,0.0,0.0
2024-09-13,1265.0,1280.5,1264.125,1265.699951171875,1239.69580078125,1465434,0.0,0.0
2024-09-16,1265.0,1277.800048828125,1250.0,1274.800048828125,1248.608642578125,788794,0.0,0.0
2024-09-17,1275.574951171875,1292.6500244140625,1269.3499755859375,1273.425048828125,1247.2620849609375,1390374,0.0,0.0
2024-09-18,1274.9749755859375,1300.550048828125,1273.0,1298.574951171875,1271.895263671875,2354058,0.0,0.0
2024-09-19,1301.5,1338.5,1298.574951171875,1317.0999755859375,1290.039794921875,5068578,0.0,0.0
2024-09-20,1322.0,1352.125,1315.574951171875,1349.7750244140625,1322.0433349609375,4645516,0.0,0.0
2024-09-23,1352.574951171875,1364.925048828125,1345.0,1362.574951171875,1334.580322265625,2144494,0.0,0.0
2024-09-24,1362.5,1383.4000244140625,1337.0,1348.199951171875,1320.5008544921875,3080066,0.0,0.0
2024-09-25,1342.625,1352.300048828125,1329.5250244140625,1348.675048828125,1320.966064453125,1437914,0.0,0.0
2024-09-26,1353.9749755859375,1381.2249755859375,1353.9749755859375,1377.75,1349.4437255859375,2317212,0.0,0.0
2024-09-27,1375.0,1389.0,1365.5,1372.8499755859375,1344.6444091796875,2194334,0.0,0.0
2024-09-30,1360.0,1370.0,1342.4000244140625,1344.9749755859375,1317.3419189453125,1766384,0.0,0.0
2024-10-01,1345.0,1355.0,1336.449951171875,1353.5250244140625,1325.71630859375,1105518,0.0,0.0
2024-10-03,1342.5,1347.5,1325.175048828125,1337.425048828125,1309.9471435546875,1624730,0.0,0.0
2024-10-04,1331.5,1339.175048828125,1295.1500244140625,1299.074951171875,1272.385009765625,2066068,0.0,0.0
2024-10-07,1302.4749755859375,1310.0,1283.449951171875,1286.925048828125,1260.484619140625,2205716,0.0,0.0
2024-10-08,1285.300048828125,1297.0,1275.800048828125,1290.875,1264.353515625,2404340,0.0,0.0
2024-10-09,1289.5,1290.0,1234.4749755859375,1258.0,1232.1539306640625,4733190,0.0,0.0
2024-10-10,1264.5,1265.8499755859375,1253.0,1256.2249755859375,1230.415283203125,2060004,0.0,0.0
2024-10-11,1260.0,1261.0,1248.050048828125,1255.9000244140625,1230.0970458984375,1256928,0.0,0.0
2024-10-14,1259.8499755859375,1259.8499755859375,1246.574951171875,1251.0250244140625,1225.322265625,1340768,0.0,0.0
2024-10-15,1251.0250244140625,1251.0250244140625,1236.0,1242.125,1216.605224609375,1590308,0.0,0.0
2024-10-16,1245.0,1246.5250244140625,1215.7249755859375,1231.125,1205.8310546875,2473286,0.0,0.0
2024-10-17,1237.4749755859375,1237.4749755859375,1182.5,1189.3499755859375,1164.914306640625,5255508,0.0,0.0
2024-10-18,1190.0,1191.824951171875,1163.050048828125,1175.125,1150.9815673828125,3278370,0.0,0.0
2024-10-21,1180.0,1187.0,1166.5,1177.324951171875,1153.1363525390625,1497408,0.0,0.0
2024-10-22,1177.25,1192.5,1170.0250244140625,1175.125,1150.9815673828125,1934262,0.0,0.0
2024-10-23,1175.0250244140625,1187.449951171875,1160.050048828125,1163.574951171875,1139.6689453125,1414522,0.0,0.0
2024-10-24,1169.5,1170.0,1108.0,1129.324951171875,1106.1226806640625,5910994,0.0,0.0
2024-10-25,1134.5,1143.25,1128.5,1130.3499755859375,1107.1265869140625,2683018,0.0,0.0
2024-10-28,1135.4749755859375,1159.5,1128.0250244140625,1136.0250244140625,1112.6849365234375,1751130,0.0,0.0
2024-10-29,1140.0,1142.9000244140625,1130.375,1133.699951171875,1110.4075927734375,1859662,0.0,0.0
2024-10-30,1139.375,1148.625,1130.0999755859375,1138.1500244140625,1114.766357421875,1787546,0.0,0.0
2024-10-31,1143.5,1143.5,1130.0,1131.4749755859375,1108.2283935546875,1319530,0.0,0.0
2024-11-01,1146.449951171875,1146.4749755859375,1134.175048828125,1141.1500244140625,1117.70458984375,243228,0.0,0.0
2024-11-04,1141.5,1143.5,1115.449951171875,1123.0999755859375,1100.0255126953125,1926320,0.0,0.0
2024-11-05,1128.0,1133.949951171875,1118.1500244140625,1131.2249755859375,1107.9835205078125,1451860,0.0,0.0
2024-11-06,1134.0,1139.8499755859375,1129.0250244140625,1137.800048828125,1114.423583984375,1613946,0.0,0.0
2024-11-07,1136.5,1142.425048828125,1120.8499755859375,1131.425048828125,1108.179443359375,1783914,0.0,0.0
2024-11-08,1135.0,1149.0,1129.4000244140625,1147.824951171875,1124.2425537109375,1669990,0.0,0.0
2024-11-11,1140.0,1147.425048828125,1127.0999755859375,1139.5250244140625,1116.1131591796875,1547190,0.0,0.0
2024-11-12,1145.2249755859375,1145.2249755859375,1120.5,1128.0999755859375,1104.9228515625,2210678,0.0,0.0
2024-11-13,1120.625,1125.9749755859375,1111.0,1117.625,1094.662841796875,1526776,0.0,0.0
2024-11-14,1119.5250244140625,1122.4749755859375,1089.199951171875,1091.4000244140625,1068.976806640625,2318476,0.0,0.0
2024-11-18,1095.3499755859375,1109.4749755859375,1084.3499755859375,1106.5999755859375,1083.8643798828125,1383330,0.0,0.0
2024-11-19,1112.5,1121.824951171875,1101.949951171875,1107.074951171875,1084.3297119140625,1612040,0.0,0.0
2024-11-21,1102.7750244140625,1125.0,1093.5,1105.5999755859375,1082.885009765625,1655768,0.0,0.0
2024-11-22,1107.0999755859375,1126.425048828125,1102.0999755859375,1123.6500244140625,1100.564208984375,1543916,0.0,0.0
2024-11-25,1129.2750244140625,1141.824951171875,1123.125,1128.4749755859375,1105.2899169921875,4059604,0.0,0.0
2024-11-26,1135.0,1143.9749755859375,1125.25,1132.625,1109.3548583984375,634244,0.0,0.0
2024-11-27,1138.300048828125,1138.4000244140625,1125.2249755859375,1136.9749755859375,1113.6153564453125,874722,0.0,0.0
2024-11-28,1137.0250244140625,1144.75,1114.0,1118.125,1095.1527099609375,2492756,0.0,0.0
2024-11-29,1113.5,1131.5,1113.5,1117.324951171875,1094.369140625,2698320,0.0,0.0
2024-12-02,1121.4000244140625,1128.5,1111.550048828125,1125.925048828125,1102.7926025390625,936544,0.0,0.0
2024-12-03,1131.0,1133.425048828125,1125.0,1130.8499755859375,1107.6162109375,1532464,0.0,0.0
2024-12-04,1130.5,1137.5,1120.7249755859375,1128.9000244140625,1105.706298828125,1937738,0.0,0.0
2024-12-05,1128.9000244140625,1138.5,1110.5,1132.75,1109.4771728515625,2375568,0.0,0.0
2024-12-06,1133.2249755859375,1145.9749755859375,1127.550048828125,1133.9000244140625,1110.603515625,1291202,0.0,0.0
2024-12-09,1135.0,1138.300048828125,1106.824951171875,1114.425048828125,1091.52880859375,1939702,0.0,0.0
2024-12-10,1114.5,1120.0,1105.0,1107.2249755859375,1084.4766845703125,1830596,0.0,0.0
2024-12-11,1112.5,1127.0,1111.5,1120.5250244140625,1097.5035400390625,1469722,0.0,0.0
2024-12-12,1124.9749755859375,1127.0,1107.550048828125,1112.0250244140625,1089.1781005859375,1931220,0.0,0.0
2024-12-13,1112.5,1128.925048828125,1104.125,1126.75,1103.6005859375,1109322,0.0,0.0
2024-12-16,1126.75,1128.75,1114.2750244140625,1119.375,1096.377197265625,1331372,0.0,0.0
2024-12-17,1113.0,1116.9749755859375,1100.0,1101.4749755859375,1078.8447265625,2997812,0.0,0.0
2024-12-18,1101.4749755859375,1106.9749755859375,1090.25,1094.0250244140625,1071.5479736328125,1932332,0.0,0.0
2024-12-19,1092.5,1097.125,1073.699951171875,1080.199951171875,1058.0069580078125,3107980,0.0,0.0
2024-12-20,1080.0,1087.5,1072.699951171875,1081.75,1059.5250244140625,3303524,0.0,0.0
2024-12-23,1085.0,1090.0,1073.8499755859375,1075.800048828125,1053.697265625,877434,0.0,0.0
2024-12-24,1075.8499755859375,1087.5,1075.8499755859375,1083.3499755859375,1061.0921630859375,645132,0.0,0.0
2024-12-26,1079.0999755859375,1088.0,1073.199951171875,1074.949951171875,1052.86474609375,1047852,0.0,0.0
2024-12-27,1079.5,1084.5250244140625,1075.5,1082.800048828125,1060.5535888671875,925334,0.0,0.0
2024-12-30,1087.0,1088.5,1074.5,1079.949951171875,1057.761962890625,2470980,0.0,0.0
2024-12-31,1077.5,1087.2750244140625,1073.875,1085.0250244140625,1062.73291015625,1271114,0.0,0.0
2025-01-01,1085.0,1089.625,1078.6500244140625,1084.625,1062.341064453125,908580,0.0,0.0
2025-01-02,1084.5,1103.875,1081.574951171875,1100.0999755859375,1077.498046875,1258328,0.0,0.0
2025-01-03,1100.0999755859375,1118.9749755859375,1099.0250244140625,1116.3499755859375,1093.4141845703125,2022900,0.0,0.0
2025-01-06,1121.75,1122.449951171875,1085.0,1092.5,1070.0543212890625,2276932,0.0,0.0
2025-01-07,1095.0999755859375,1108.1500244140625,1089.949951171875,1106.324951171875,1083.59521484375,1191638,0.0,0.0
2025-01-08,1111.5,1112.4749755859375,1097.2750244140625,1109.949951171875,1087.1456298828125,899000,0.0,0.0
2025-01-09,1107.7249755859375,1135.9000244140625,1102.0250244140625,1128.0250244140625,1104.8494873046875,2294636,0.0,0.0
2025-01-10,1136.0250244140625,1139.0,1120.625,1123.949951171875,1100.85791015625,1619708,0.0,0.0
2025-01-13,1122.5,1130.574951171875,1110.7750244140625,1118.675048828125,1095.6915283203125,1609062,0.0,0.0
2025-01-14,1125.5999755859375,1128.300048828125,1099.625,1109.5250244140625,1086.7294921875,1405098,0.0,0.0
2025-01-15,1109.5250244140625,1110.050048828125,1086.0999755859375,1099.824951171875,1077.2286376953125,1447250,0.0,0.0
2025-01-16,1102.550048828125,1109.125,1078.25,1084.6500244140625,1062.3656005859375,2651618,0.0,0.0
2025-01-17,1090.324951171875,1113.175048828125,1086.2750244140625,1108.5999755859375,1085.8233642578125,911802,0.0,0.0
2025-01-20,1109.5999755859375,1112.5,1101.175048828125,1107.0,1084.2564697265625,802216,0.0,0.0
2025-01-21,1112.5,1120.0,1095.7750244140625,1098.2249755859375,1075.66162109375,1528828,0.0,0.0
2025-01-22,1098.2249755859375,1106.4749755859375,1097.074951171875,1103.9000244140625,1081.219970703125,896072,0.0,0.0
2025-01-23,1097.074951171875,1104.800048828125,1082.5,1099.4749755859375,1076.885986328125,992014,0.0,0.0
2025-01-24,1101.0,1111.375,1095.050048828125,1103.949951171875,1081.2689208984375,1327200,0.0,0.0
2025-01-27,1091.0250244140625,1115.949951171875,1084.300048828125,1087.375,1065.0345458984375,1099972,0.0,0.0
2025-01-28,1087.375,1090.925048828125,1071.300048828125,1078.1500244140625,1055.9989013671875,1442066,0.0,0.0
2025-01-29,1078.1500244140625,1092.449951171875,1065.625,1090.3499755859375,1067.9482421875,794290,0.0,0.0
2025-01-30,1094.5,1116.3499755859375,1090.3499755859375,1108.675048828125,1085.89697265625,1149120,0.0,0.0
2025-01-31,1108.675048828125,1193.5,1104.75,1156.5999755859375,1132.837158203125,6279774,0.0,0.0
2025-02-01,1156.5,1187.0,1128.625,1163.5999755859375,1139.693359375,2493130,0.0,0.0
2025-02-03,1163.5999755859375,1187.0,1155.8499755859375,1158.550048828125,1134.7470703125,2281742,0.0,0.0
2025-02-04,1161.199951171875,1161.4000244140625,1141.8499755859375,1149.7249755859375,1126.103515625,2487034,0.0,0.0
2025-02-05,1141.9000244140625,1148.949951171875,1112.625,1124.4749755859375,1101.372314453125,2950590,0.0,0.0
2025-02-06,1134.5,1134.5,1113.5,1119.7249755859375,1096.7197265625,1973914,0.0,0.0
2025-02-07,1117.0,1119.0,1103.7750244140625,1112.550048828125,1096.670654296875,1585116,7.125,0.0
2025-02-10,1117.5,1126.25,1103.0999755859375,1110.5250244140625,1094.674560546875,1520362,0.0,0.0
2025-02-11,1110.5250244140625,1116.050048828125,1088.9749755859375,1097.75,1082.081787109375,953674,0.0,0.0
2025-02-12,1107.0,1107.0,1085.8499755859375,1096.875,1081.21923828125,1006516,0.0,0.0
2025-02-13,1096.875,1105.0999755859375,1086.324951171875,1088.7750244140625,1073.23486328125,1022294,0.0,0.0
2025-02-14,1088.7750244140625,1112.5,1085.0250244140625,1097.925048828125,1082.2542724609375,1921722,0.0,0.0
2025-02-17,1097.925048828125,1110.0,1085.0,1108.25,1092.4320068359375,1603030,0.0,0.0
2025-02-18,1108.25,1114.75,1099.9749755859375,1111.199951171875,1095.3397216796875,906118,0.0,0.0
2025-02-19,1103.0,1112.0,1098.7750244140625,1102.4749755859375,1086.7393798828125,852958,0.0,0.0
2025-02-20,1102.4749755859375,1107.4749755859375,1093.4000244140625,1103.375,1087.6265869140625,1316934,0.0,0.0
2025-02-21,1108.4749755859375,1109.050048828125,1094.6500244140625,1107.4749755859375,1091.66796875,1188490,0.0,0.0
2025-02-24,1099.5,1118.925048828125,1098.0250244140625,1110.199951171875,1094.35400390625,968084,0.0,0.0
2025-02-25,1111.2249755859375,1128.199951171875,1106.925048828125,1125.199951171875,1109.139892578125,1285668,0.0,0.0
2025-02-27,1130.0999755859375,1140.9000244140625,1125.0,1139.0999755859375,1122.8416748046875,1502006,0.0,0.0
2025-02-28,1130.5,1135.0,1092.5,1094.824951171875,1079.198486328125,3687132,0.0,0.0
2025-03-03,1094.125,1100.0,1075.4000244140625,1092.7750244140625,1077.1778564453125,1043550,0.0,0.0
2025-03-04,1080.0,1082.050048828125,1059.0,1073.25,1057.931396484375,2085044,0.0,0.0
2025-03-05,1055.0,1104.675048828125,1055.0,1098.5,1082.821044921875,1693328,0.0,0.0
2025-03-06,1093.5,1108.199951171875,1085.1500244140625,1100.5999755859375,1084.89111328125,2514922,0.0,0.0
2025-03-07,1100.5,1123.0,1095.625,1119.2249755859375,1103.2503662109375,1051212,0.0,0.0
2025-03-10,1119.5999755859375,1137.0,1077.550048828125,1124.199951171875,1108.154296875,1013160,0.0,0.0
2025-03-11,1120.4000244140625,1136.2249755859375,1116.875,1125.699951171875,1109.6328125,957110,0.0,0.0
2025-03-12,1124.5,1127.050048828125,1095.824951171875,1097.75,1082.081787109375,717178,0.0,0.0
2025-03-13,1101.050048828125,1105.875,1092.050048828125,1095.9749755859375,1080.3321533203125,584340,0.0,0.0
2025-03-17,1087.7750244140625,1101.675048828125,1078.0,1087.175048828125,1071.6578369140625,820010,0.0,0.0
2025-03-18,1087.175048828125,1087.175048828125,1087.175048828125,1087.175048828125,1071.6578369140625,0,0.0,0.0
2025-03-19,1103.25,1106.699951171875,1090.074951171875,1092.0,1076.4139404296875,845086,0.0,0.0
2025-03-20,1102.0,1114.375,1090.574951171875,1110.7750244140625,1094.9208984375,953748,0.0,0.0
2025-03-21,1120.449951171875,1137.5,1115.9749755859375,1134.425048828125,1118.2333984375,1585274,0.0,0.0
2025-03-24,1136.550048828125,1144.300048828125,1130.0250244140625,1131.7750244140625,1115.6212158203125,861902,0.0,0.0
2025-03-25,1130.0,1140.0,1115.0999755859375,1127.425048828125,1111.333251953125,1484284,0.0,0.0
2025-03-26,1127.449951171875,1134.925048828125,1120.050048828125,1121.7249755859375,1105.7147216796875,1066938,0.0,0.0
2025-03-27,1120.0999755859375,1134.0,1112.625,1121.0250244140625,1105.024658203125,1731172,0.0,0.0
2025-03-28,1121.5250244140625,1143.9749755859375,1121.5250244140625,1125.375,1109.3125,1432302,0.0,0.0
2025-04-01,1130.949951171875,1143.925048828125,1109.050048828125,1117.0,1101.05712890625,2040110,0.0,0.0
2025-04-02,1115.0,1115.0,1074.0,1105.3499755859375,1089.5732421875,2601704,0.0,0.0
2025-04-03,1099.0250244140625,1124.5250244140625,1097.5,1122.824951171875,1106.798828125,635716,0.0,0.0
2025-04-04,1117.0,1141.4000244140625,1108.625,1131.074951171875,1114.93115234375,1183470,0.0,0.0
2025-04-07,1080.0,1128.675048828125,1080.0,1124.5,1108.4500732421875,1474570,0.0,0.0
2025-04-08,1127.5,1141.4749755859375,1115.625,1137.699951171875,1121.46142578125,1747016,0.0,0.0
2025-04-09,1141.5999755859375,1181.300048828125,1136.0999755859375,1172.425048828125,1155.6910400390625,3706748,0.0,0.0
2025-04-11,1172.8499755859375,1186.0,1161.0250244140625,1180.699951171875,1163.8477783203125,2236634,0.0,0.0
2025-04-15,1190.699951171875,1190.699951171875,1172.800048828125,1183.949951171875,1167.051513671875,1561748,0.0,0.0
2025-04-16,1173.5,1195.050048828125,1173.5,1191.6500244140625,1174.6416015625,1354424,0.0,0.0
2025-04-17,1186.0,1211.5999755859375,1179.300048828125,1208.300048828125,1191.053955078125,1815842,0.0,0.0
2025-04-21,1200.5,1210.5,1195.25,1199.699951171875,1182.57666015625,953130,0.0,0.0
2025-04-22,1202.5,1210.0,1195.0,1203.6500244140625,1186.4703369140625,975908,0.0,0.0
2025-04-23,1209.6500244140625,1220.949951171875,1200.0,1216.699951171875,1199.333984375,1165112,0.0,0.0
2025-04-24,1217.5,1257.5,1189.5,1216.5999755859375,1199.2353515625,4674476,0.0,0.0
2025-04-25,1213.449951171875,1217.5999755859375,1193.6500244140625,1206.75,1189.5260009765625,2256568,0.0,0.0
2025-04-28,1200.0,1209.199951171875,1193.0,1203.0,1185.8294677734375,1961052,0.0,0.0
2025-04-29,1203.0,1203.0,1179.5999755859375,1193.75,1176.7115478515625,1952120,0.0,0.0
2025-04-30,1187.5,1203.199951171875,1182.1500244140625,1194.0999755859375,1177.0565185546875,2040862,0.0,0.0
2025-05-02,1187.5,1192.4000244140625,1163.5,1165.9000244140625,1149.2591552734375,1265148,0.0,0.0
2025-05-05,1174.449951171875,1176.0,1161.8499755859375,1164.0999755859375,1147.4847412109375,1827594,0.0,0.0
2025-05-06,1168.5,1187.0999755859375,1165.0,1178.25,1161.4327392578125,1742026,0.0,0.0
2025-05-07,1165.5,1178.0,1163.6500244140625,1169.199951171875,1152.511962890625,1353304,0.0,0.0
2025-05-08,1164.0,1175.050048828125,1157.550048828125,1170.3499755859375,1153.6456298828125,2693092,0.0,0.0
2025-05-09,1151.0,1174.5,1145.8499755859375,1162.699951171875,1146.104736328125,1816458,0.0,0.0
2025-05-12,1179.9000244140625,1194.5,1173.0,1191.9000244140625,1174.887939453125,801500,0.0,0.0
2025-05-13,1190.0,1194.9000244140625,1171.0,1185.0999755859375,1168.18505859375,2333552,0.0,0.0
2025-05-14,1182.5,1189.5999755859375,1176.6500244140625,1185.199951171875,1168.2835693359375,1203066,0.0,0.0
2025-05-15,1185.0,1207.449951171875,1170.75,1199.050048828125,1181.9359130859375,1928224,0.0,0.0
2025-05-16,1207.300048828125,1207.300048828125,1188.3499755859375,1204.4000244140625,1187.2095947265625,1369102,0.0,0.0
2025-05-19,1202.0,1211.050048828125,1198.0999755859375,1203.9000244140625,1186.716796875,845862,0.0,0.0
2025-05-20,1209.9000244140625,1209.9000244140625,1177.1500244140625,1179.25,1162.4185791015625,1555350,0.0,0.0
2025-05-21,1179.25,1199.0,1179.25,1196.300048828125,1179.2252197265625,1350296,0.0,0.0
2025-05-22,1192.5,1192.5,1170.0,1180.8499755859375,1163.99560546875,2161612,0.0,0.0
2025-05-23,1178.0,1212.0,1176.050048828125,1207.199951171875,1189.9696044921875,1154460,0.0,0.0
2025-05-26,1207.199951171875,1232.449951171875,1202.699951171875,1227.0,1209.487060546875,1248708,0.0,0.0
2025-05-27,1225.050048828125,1241.0,1216.0999755859375,1230.449951171875,1212.8876953125,1584098,0.0,0.0
2025-05-28,1226.050048828125,1228.3499755859375,1208.0,1209.5,1192.23681640625,1447242,0.0,0.0
2025-05-29,1210.699951171875,1219.9000244140625,1203.25,1217.5,1200.12255859375,1862596,0.0,0.0
2025-05-30,1217.5,1228.5,1195.25,1198.0999755859375,1180.99951171875,2134920,0.0,0.0
2025-06-02,1200.0,1207.9000244140625,1195.5,1203.1500244140625,1185.9774169921875,2052718,0.0,0.0
2025-06-03,1207.8499755859375,1213.199951171875,1191.0,1195.699951171875,1178.6336669921875,1468888,0.0,0.0
2025-06-04,1194.199951171875,1201.9000244140625,1192.449951171875,1198.75,1181.64013671875,1174082,0.0,0.0
2025-06-05,1202.5,1204.5,1190.25,1200.6500244140625,1183.51318359375,1467916,0.0,0.0
2025-06-06,1201.949951171875,1211.449951171875,1195.0,1208.5999755859375,1191.349609375,1004606,0.0,0.0
2025-06-09,1212.5,1213.6500244140625,1200.5,1207.6500244140625,1190.4132080078125,678874,0.0,0.0
2025-06-10,1207.6500244140625,1219.449951171875,1204.449951171875,1215.699951171875,1198.3482666015625,1351562,0.0,0.0
2025-06-11,1221.25,1225.0,1204.0,1209.5999755859375,1192.3353271484375,1751374,0.0,0.0
2025-06-12,1213.5,1214.050048828125,1183.1500244140625,1192.800048828125,1175.7752685546875,2717158,0.0,0.0
2025-06-13,1181.0,1190.0,1173.4000244140625,1188.4000244140625,1171.4381103515625,829756,0.0,0.0
2025-06-16,1185.050048828125,1197.5,1182.550048828125,1194.9000244140625,1177.84521484375,532308,0.0,0.0
2025-06-17,1190.050048828125,1193.449951171875,1176.5,1181.0,1164.1435546875,1531068,0.0,0.0
2025-06-18,1181.949951171875,1182.050048828125,1162.699951171875,1170.4000244140625,1153.69482421875,1308554,0.0,0.0
2025-06-19,1170.4000244140625,1170.4000244140625,1155.0,1159.449951171875,1142.901123046875,1474774,0.0,0.0
2025-06-20,1169.050048828125,1199.0,1159.449951171875,1180.199951171875,1163.35498046875,22941194,0.0,0.0
2025-06-23,1186.5,1199.449951171875,1175.449951171875,1179.550048828125,1162.7142333984375,1297744,0.0,0.0
2025-06-24,1187.5,1191.800048828125,1178.8499755859375,1182.9000244140625,1166.016357421875,1100860,0.0,0.0
2025-06-25,1186.0,1214.449951171875,1186.0,1202.199951171875,1185.041015625,2300288,0.0,0.0
2025-06-26,1210.0,1221.800048828125,1201.5999755859375,1215.699951171875,1198.3482666015625,3115098,0.0,0.0
2025-06-27,1224.5,1231.8499755859375,1213.050048828125,1229.3499755859375,1211.803466796875,2375672,0.0,0.0
2025-06-30,1234.0,1237.800048828125,1221.5,1232.6500244140625,1215.0562744140625,1658010,0.0,0.0
2025-07-01,1235.0,1235.699951171875,1202.5999755859375,1205.050048828125,1187.850341796875,1077220,0.0,0.0
2025-07-02,1205.25,1206.949951171875,1190.0,1194.0,1176.9580078125,1475052,0.0,0.0
2025-07-03,1199.949951171875,1204.550048828125,1192.5,1194.199951171875,1177.1551513671875,1263638,0.0,0.0
2025-07-04,1192.449951171875,1198.5,1183.550048828125,1196.4000244140625,1184.2823486328125,790114,5.0,0.0
2025-07-07,1199.699951171875,1213.0,1194.0,1211.050048828125,1198.783935546875,868414,0.0,0.0
2025-07-08,1211.050048828125,1217.8499755859375,1203.5,1208.949951171875,1196.705078125,711576,0.0,0.0
2025-07-09,1210.0,1218.25,1207.25,1213.9000244140625,1201.60498046875,790360,0.0,0.0
2025-07-10,1212.5,1218.449951171875,1198.800048828125,1200.699951171875,1188.53857421875,569850,0.0,0.0
2025-07-11,1202.0,1214.3499755859375,1198.550048828125,1201.75,1189.5780029296875,741064,0.0,0.0
2025-07-14,1202.6500244140625,1207.3499755859375,1188.5,1196.449951171875,1184.3316650390625,942914,0.0,0.0
2025-07-15,1196.449951171875,1210.0,1190.050048828125,1208.1500244140625,1195.9132080078125,1064608,0.0,0.0
2025-07-16,1208.0,1245.0,1203.699951171875,1230.0,1217.5418701171875,2810630,0.0,0.0
2025-07-17,1229.0,1235.0,1223.050048828125,1224.550048828125,1212.147216796875,546708,0.0,0.0
2025-07-18,1229.5,1238.449951171875,1215.5,1236.0999755859375,1223.580078125,899652,0.0,0.0
2025-07-21,1236.449951171875,1239.199951171875,1222.5,1236.300048828125,1223.7781982421875,957974,0.0,0.0
2025-07-22,1236.4000244140625,1238.75,1219.0,1221.75,1209.37548828125,774548,0.0,0.0
2025-07-23,1230.0,1234.5,1216.800048828125,1226.25,1213.8299560546875,720228,0.0,0.0
2025-07-24,1226.4000244140625,1237.5,1155.0,1161.050048828125,1149.290283203125,5372012,0.0,0.0
2025-07-25,1157.449951171875,1157.449951171875,1133.0,1137.300048828125,1125.7808837890625,3178714,0.0,0.0
2025-07-28,1137.3499755859375,1149.949951171875,1111.050048828125,1114.6500244140625,1103.3603515625,1879938,0.0,0.0
2025-07-29,1115.0,1129.050048828125,1109.949951171875,1111.8499755859375,1100.588623046875,1801922,0.0,0.0
2025-07-30,1115.0,1119.75,1110.8499755859375,1115.75,1104.44921875,929698,0.0,0.0
2025-07-31,1112.5,1132.949951171875,1110.5,1123.8499755859375,1112.467041015625,1346218,0.0,0.0
2025-08-01,1123.8499755859375,1143.8499755859375,1121.550048828125,1138.25,1126.72119140625,1410024,0.0,0.0
2025-08-04,1143.0,1143.300048828125,1129.0,1138.699951171875,1127.1666259765625,812794,0.0,0.0
2025-08-05,1139.8499755859375,1141.199951171875,1125.050048828125,1133.6500244140625,1122.1678466796875,1135934,0.0,0.0
2025-08-06,1135.0,1136.199951171875,1113.050048828125,1116.6500244140625,1105.3399658203125,1127544,0.0,0.0
2025-08-07,1118.0,1123.199951171875,1107.5,1117.300048828125,1105.9835205078125,1014230,0.0,0.0
2025-08-08,1122.0,1126.4000244140625,1093.4000244140625,1096.5,1085.39404296875,1242852,0.0,2.0
2025-08-11,1097.0,1108.9000244140625,1087.0,1105.0,1093.8079833984375,1038967,0.0,0.0
2025-08-12,1108.0,1109.5999755859375,1089.0,1091.0999755859375,1080.048828125,758197,0.0,0.0
2025-08-13,1091.0999755859375,1100.800048828125,1086.5999755859375,1096.9000244140625,1085.7900390625,813725,0.0,0.0
2025-08-14,1099.9000244140625,1103.0,1084.699951171875,1089.4000244140625,1078.365966796875,941698,0.0,0.0
2025-08-18,1120.5,1169.9000244140625,1120.5,1144.0999755859375,1132.511962890625,3478231,0.0,0.0
2025-08-19,1149.5999755859375,1168.0,1130.199951171875,1161.4000244140625,1149.6368408203125,1851158,0.0,0.0
2025-08-20,1165.0,1192.800048828125,1156.699951171875,1190.300048828125,1178.244140625,1652532,0.0,0.0
2025-08-21,1190.0,1190.300048828125,1168.800048828125,1179.4000244140625,1167.4544677734375,991563,0.0,0.0
2025-08-22,1175.0,1191.0,1158.0,1162.9000244140625,1151.12158203125,921658,0.0,0.0
2025-08-25,1162.9000244140625,1166.800048828125,1148.800048828125,1153.0,1141.3218994140625,931358,0.0,0.0
2025-08-26,1149.0,1179.0,1149.0,1162.199951171875,1150.4285888671875,3619892,0.0,0.0
2025-08-28,1165.5999755859375,1168.199951171875,1155.0,1162.4000244140625,1150.6265869140625,1065888,0.0,0.0
2025-08-29,1160.300048828125,1184.4000244140625,1150.0,1156.199951171875,1144.4893798828125,1593255,0.0,0.0
2025-09-01,1157.9000244140625,1176.0,1156.199951171875,1174.4000244140625,1162.505126953125,643866,0.0,0.0
2025-09-02,1174.4000244140625,1202.5,1172.4000244140625,1200.9000244140625,1188.73681640625,1773623,0.0,0.0
2025-09-03,1206.5,1206.5,1191.300048828125,1194.800048828125,1182.6986083984375,827824,0.0,0.0
2025-09-04,1230.0,1238.199951171875,1208.0,1212.5999755859375,1200.318115234375,3346196,0.0,0.0
2025-09-05,1212.0,1216.4000244140625,1191.0,1208.5,1196.259765625,1434458,0.0,0.0
2025-09-08,1208.5,1211.0,1185.199951171875,1187.699951171875,1175.6702880859375,1112974,0.0,0.0
2025-09-09,1195.199951171875,1204.0,1187.9000244140625,1202.199951171875,1190.0235595703125,1295618,0.0,0.0
2025-09-10,1208.199951171875,1219.199951171875,1201.699951171875,1217.5,1205.1685791015625,1015673,0.0,0.0
2025-09-11,1212.0999755859375,1224.9000244140625,1212.0999755859375,1220.800048828125,1208.4351806640625,783400,0.0,0.0
2025-09-12,1220.199951171875,1223.0,1209.5,1217.5999755859375,1205.2674560546875,632659,0.0,0.0
2025-09-15,1212.199951171875,1220.0,1209.5999755859375,1212.5,1200.21923828125,523120,0.0,0.0
2025-09-16,1212.0,1215.0,1201.199951171875,1204.199951171875,1192.003173828125,1137133,0.0,0.0
2025-09-17,1207.0,1212.5999755859375,1195.5999755859375,1204.300048828125,1192.102294921875,1005661,0.0,0.0
2025-09-18,1205.0999755859375,1213.300048828125,1200.0,1209.0999755859375,1196.8536376953125,1345158,0.0,0.0
2025-09-19,1212.0,1212.0,1191.0,1194.5,1182.4014892578125,2395784,0.0,0.0
2025-09-22,1198.9000244140625,1201.199951171875,1184.0,1188.300048828125,1176.2642822265625,1107323,0.0,0.0
2025-09-23,1189.800048828125,1194.5,1165.0,1168.4000244140625,1156.5657958984375,2114020,0.0,0.0
2025-09-24,1167.9000244140625,1185.199951171875,1161.4000244140625,1178.5999755859375,1166.66259765625,1395188,0.0,0.0
2025-09-25,1184.5,1192.4000244140625,1171.5999755859375,1173.5,1161.6141357421875,1273981,0.0,0.0
2025-09-26,1170.0,1179.0,1160.199951171875,1162.5999755859375,1150.8245849609375,1011036,0.0,0.0
2025-09-29,1160.0,1162.0999755859375,1149.199951171875,1152.5,1140.826904296875,2130382,0.0,0.0
2025-09-30,1155.5999755859375,1159.5999755859375,1146.4000244140625,1152.9000244140625,1141.222900390625,1409305,0.0,0.0
2025-10-01,1157.9000244140625,1169.199951171875,1145.0,1166.4000244140625,1154.586181640625,727804,0.0,0.0
2025-10-03,1160.0,1171.300048828125,1154.4000244140625,1169.9000244140625,1158.05078125,1159975,0.0,0.0
2025-10-06,1163.5,1183.699951171875,1163.5,1181.699951171875,1169.7310791015625,639965,0.0,0.0
2025-10-07,1181.699951171875,1192.199951171875,1175.0,1176.800048828125,1164.880859375,922441,0.0,0.0
2025-10-08,1170.0,1182.5,1158.5999755859375,1180.5,1168.5433349609375,893579,0.0,0.0
2025-10-09,1175.0999755859375,1189.0999755859375,1172.9000244140625,1187.800048828125,1175.7694091796875,922191,0.0,0.0
2025-10-10,1186.4000244140625,1202.0,1184.4000244140625,1199.5,1187.350830078125,1110822,0.0,0.0
2025-10-13,1199.0,1200.800048828125,1181.9000244140625,1188.0999755859375,1176.0662841796875,1062394,0.0,0.0
2025-10-14,1190.0999755859375,1194.300048828125,1171.0,1175.5,1163.593994140625,1293553,0.0,0.0
2025-10-15,1175.5,1225.0,1175.5,1221.4000244140625,1209.029052734375,2283392,0.0,0.0
2025-10-16,1221.4000244140625,1286.5,1216.5,1276.5999755859375,1263.669921875,6927367,0.0,0.0
2025-10-17,1263.9000244140625,1311.5999755859375,1261.300048828125,1289.5,1276.439208984375,3171952,0.0,0.0
2025-10-20,1289.5,1305.5999755859375,1280.800048828125,1285.4000244140625,1272.380859375,1246633,0.0,0.0
2025-10-21,1280.0,1292.0,1277.300048828125,1287.300048828125,1274.26171875,245138,0.0,0.0
2025-10-23,1287.0,1303.800048828125,1270.800048828125,1272.800048828125,1259.9085693359375,1751448,0.0,0.0
2025-10-24,1274.4000244140625,1284.5,1259.4000244140625,1282.0,1269.0152587890625,1433533,0.0,0.0
2025-10-27,1282.0,1292.199951171875,1275.800048828125,1283.0,1270.005126953125,1107997,0.0,0.0
2025-10-28,1283.800048828125,1288.9000244140625,1263.699951171875,1271.0,1258.1265869140625,1343829,0.0,0.0
2025-10-29,1275.0,1281.0,1266.5,1273.0,1260.1064453125,836932,0.0,0.0
2025-10-30,1278.0,1281.4000244140625,1267.699951171875,1279.9000244140625,1266.9366455078125,728703,0.0,0.0
2025-10-31,1279.9000244140625,1284.0,1269.5999755859375,1271.5999755859375,1258.7205810546875,943037,0.0,0.0
2025-11-03,1269.5999755859375,1269.9000244140625,1255.5,1266.699951171875,1253.8702392578125,847050,0.0,0.0
2025-11-04,1266.0,1269.0,1250.699951171875,1265.0,1252.1873779296875,770668,0.0,0.0
2025-11-06,1265.0,1278.9000244140625,1260.0999755859375,1266.0999755859375,1253.2762451171875,1171263,0.0,0.0
2025-11-07,1264.0,1270.9000244140625,1256.4000244140625,1262.699951171875,1249.9107666015625,596683,0.0,0.0
2025-11-10,1263.0999755859375,1273.199951171875,1260.199951171875,1262.9000244140625,1250.1087646484375,737986,0.0,0.0
2025-11-11,1268.0,1270.199951171875,1255.0,1268.0999755859375,1255.2559814453125,729912,0.0,0.0
2025-11-12,1270.0,1286.9000244140625,1261.5999755859375,1278.199951171875,1265.253662109375,824792,0.0,0.0
2025-11-13,1280.0,1289.300048828125,1270.300048828125,1275.199951171875,1262.2841796875,691337,0.0,0.0
2025-11-14,1275.199951171875,1279.0,1262.4000244140625,1271.5999755859375,1258.7205810546875,675047,0.0,0.0
2025-11-17,1272.0,1278.0,1264.0999755859375,1270.300048828125,1257.433837890625,774802,0.0,0.0
2025-11-18,1262.0999755859375,1269.9000244140625,1252.5999755859375,1265.0999755859375,1252.2864990234375,810387,0.0,0.0
2025-11-19,1267.9000244140625,1280.0,1263.0,1279.0,1266.045654296875,726287,0.0,0.0
2025-11-20,1288.0,1288.5999755859375,1275.199951171875,1279.199951171875,1266.2435302734375,796864,0.0,0.0
2025-11-21,1275.0,1288.9000244140625,1273.0,1280.699951171875,1267.7283935546875,673231,0.0,0.0
2025-11-24,1285.0,1285.800048828125,1259.5,1269.199951171875,1256.3448486328125,2636542,0.0,0.0
2025-11-25,1267.4000244140625,1270.9000244140625,1250.800048828125,1263.199951171875,1250.4056396484375,1065974,0.0,0.0
2025-11-26,1257.0999755859375,1282.699951171875,1257.0999755859375,1276.800048828125,1263.867919921875,810809,0.0,0.0
2025-11-27,1276.0,1279.5,1260.5,1266.4000244140625,1253.5733642578125,708607,0.0,0.0
2025-11-28,1266.300048828125,1269.699951171875,1258.199951171875,1261.0999755859375,1248.326904296875,626947,0.0,0.0
2025-12-01,1260.5999755859375,1264.0,1251.5999755859375,1260.5999755859375,1247.83203125,644563,0.0,0.0
2025-12-02,1251.0,1261.800048828125,1251.0,1258.9000244140625,1246.1492919921875,911551,0.0,0.0
2025-12-03,1257.0,1258.0,1236.0999755859375,1241.9000244140625,1229.3214111328125,642993,0.0,0.0
2025-12-04,1241.9000244140625,1245.0,1233.199951171875,1242.4000244140625,1229.81640625,664641,0.0,0.0
2025-12-05,1237.5,1249.0,1234.199951171875,1246.9000244140625,1234.2708740234375,911699,0.0,0.0
2025-12-08,1246.9000244140625,1248.0,1212.800048828125,1214.800048828125,1202.4959716796875,1534927,0.0,0.0
2025-12-09,1214.9000244140625,1221.5,1207.300048828125,1215.800048828125,1203.48583984375,810028,0.0,0.0
2025-12-10,1215.800048828125,1221.800048828125,1205.0,1209.300048828125,1197.0516357421875,514862,0.0,0.0
2025-12-11,1209.4000244140625,1220.4000244140625,1205.800048828125,1215.0,1202.69384765625,339626,0.0,0.0
2025-12-12,1219.0,1240.0,1215.4000244140625,1238.300048828125,1225.7579345703125,841766,0.0,0.0
2025-12-15,1238.0,1248.0,1225.5,1243.5,1230.9051513671875,857798,0.0,0.0
2025-12-16,1236.5,1264.0,1234.4000244140625,1240.5999755859375,1228.0345458984375,1086329,0.0,0.0
2025-12-17,1237.0,1241.4000244140625,1224.300048828125,1234.5999755859375,1222.0953369140625,526222,0.0,0.0
2025-12-18,1234.699951171875,1243.9000244140625,1227.5,1233.5,1221.0064697265625,707432,0.0,0.0
2025-12-19,1230.800048828125,1246.199951171875,1229.699951171875,1244.4000244140625,1231.796142578125,754446,0.0,0.0
2025-12-22,1246.0,1259.9000244140625,1240.0,1257.199951171875,1244.4664306640625,880387,0.0,0.0
2025-12-23,1260.0,1261.5,1251.0999755859375,1256.5,1243.7735595703125,663261,0.0,0.0
2025-12-24,1251.0999755859375,1264.0999755859375,1247.9000244140625,1259.699951171875,1246.9410400390625,598956,0.0,0.0
2025-12-26,1264.0,1277.0,1251.4000244140625,1272.5999755859375,1259.71044921875,1433973,0.0,0.0
2025-12-29,1275.0,1286.5,1270.800048828125,1280.0,1267.0355224609375,888206,0.0,0.0
2025-12-30,1284.0,1289.0,1267.699951171875,1274.0999755859375,1261.1953125,2043408,0.0,0.0
2025-12-31,1274.199951171875,1294.300048828125,1270.4000244140625,1288.0,1274.9544677734375,738631,0.0,0.0
2026-01-01,1293.0,1299.0,1284.0,1295.0,1281.8836669921875,932297,0.0,0.0
2026-01-02,1292.0,1299.0,1277.5999755859375,1279.699951171875,1266.738525390625,736473,0.0,0.0
2026-01-05,1279.0,1320.0,1278.5,1314.5999755859375,1301.28515625,2397082,0.0,0.0
2026-01-06,1319.0,1323.5,1298.4000244140625,1319.9000244140625,1306.5313720703125,866154,0.0,0.0
2026-01-07,1312.5,1332.699951171875,1304.199951171875,1314.800048828125,1301.483154296875,676669,0.0,0.0
2026-01-08,1309.0999755859375,1315.0999755859375,1299.0,1306.9000244140625,1293.6630859375,555817,0.0,0.0
2026-01-09,1306.9000244140625,1310.800048828125,1290.0999755859375,1299.0999755859375,1285.9420166015625,1194489,0.0,0.0
2026-01-12,1293.0,1318.0,1291.5999755859375,1312.4000244140625,1299.107421875,1032516,0.0,0.0
2026-01-13,1312.4000244140625,1321.9000244140625,1309.0,1318.699951171875,1305.343505859375,1316337,0.0,0.0
2026-01-14,1321.0,1328.199951171875,1302.199951171875,1307.0999755859375,1293.861083984375,904110,0.0,0.0
2026-01-15,1307.0999755859375,1307.0999755859375,1307.0999755859375,1307.0999755859375,1293.861083984375,0,0.0,0.0
2026-01-16,1318.199951171875,1320.9000244140625,1305.300048828125,1315.9000244140625,1302.572021484375,1491989,0.0,0.0
2026-01-19,1306.0,1320.300048828125,1305.5,1315.5999755859375,1302.27490234375,867546,0.0,0.0
2026-01-20,1315.0,1317.0999755859375,1291.5999755859375,1295.699951171875,1282.576416015625,1173676,0.0,0.0
2026-01-21,1298.9000244140625,1311.699951171875,1271.300048828125,1283.199951171875,1270.2030029296875,1046054,0.0,0.0
2026-01-22,1285.9000244140625,1312.0,1272.300048828125,1306.0,1292.772216796875,994359,0.0,0.0
2026-01-23,1310.0,1311.9000244140625,1290.300048828125,1293.800048828125,1280.69580078125,744221,0.0,0.0
2026-01-27,1300.0,1314.0,1290.300048828125,1303.300048828125,1290.0994873046875,1159495,0.0,0.0
2026-01-28,1297.199951171875,1306.0,1273.0,1292.4000244140625,1279.3099365234375,940426,0.0,0.0
2026-01-29,1286.5,1294.4000244140625,1262.300048828125,1287.9000244140625,1274.8555908203125,1151521,0.0,0.0
2026-01-30,1286.0,1339.5999755859375,1283.0,1332.4000244140625,1318.90478515625,5292100,0.0,0.0
2026-02-02,1297.5,1311.0,1273.9000244140625,1308.300048828125,1295.0489501953125,1254558,0.0,0.0
2026-02-03,1330.0,1340.4000244140625,1291.0999755859375,1308.0,1294.751953125,1232271,0.0,0.0
2026-02-04,1313.5999755859375,1328.0,1295.0999755859375,1303.199951171875,1290.00048828125,875783,0.0,0.0
2026-02-05,1304.800048828125,1310.5999755859375,1287.0,1303.5,1290.297607421875,854891,0.0,0.0
2026-02-06,1291.0999755859375,1305.199951171875,1278.699951171875,1303.300048828125,1297.06494140625,835646,7.0,0.0
2026-02-09,1301.0,1307.0,1290.300048828125,1295.5999755859375,1289.4017333984375,746303,0.0,0.0
2026-02-10,1296.9000244140625,1310.300048828125,1296.5,1308.5999755859375,1302.339599609375,936331,0.0,0.0
2026-02-11,1315.0,1324.9000244140625,1296.699951171875,1305.300048828125,1299.055419921875,911500,0.0,0.0
2026-02-12,1312.0999755859375,1312.0999755859375,1295.0999755859375,1305.5,1299.25439453125,534672,0.0,0.0
2026-02-13,1305.0,1310.4000244140625,1278.0,1282.5999755859375,1276.4639892578125,522586,0.0,0.0
2026-02-16,1276.699951171875,1295.5,1274.199951171875,1289.800048828125,1283.629638671875,456222,0.0,0.0
2026-02-17,1281.0,1289.5999755859375,1278.0,1285.300048828125,1279.151123046875,396198,0.0,0.0
2026-02-18,1286.5999755859375,1303.4000244140625,1278.0,1300.9000244140625,1294.676513671875,446022,0.0,0.0
2026-02-19,1299.800048828125,1300.0,1271.9000244140625,1278.5,1272.383544921875,659360,0.0,0.0
2026-02-20,1278.5,1301.0,1276.4000244140625,1293.800048828125,1287.6104736328125,754146,0.0,0.0
2026-02-23,1299.0,1318.5,1295.5,1315.0999755859375,1308.8084716796875,933582,0.0,0.0
2026-02-24,1305.5999755859375,1323.9000244140625,1305.5999755859375,1320.0,1313.68505859375,1120203,0.0,0.0
2026-02-25,1328.0,1334.800048828125,1315.0,1323.4000244140625,1317.06884765625,991399,0.0,0.0
2026-02-26,1329.199951171875,1329.199951171875,1310.5999755859375,1318.0,1311.694580078125,438946,0.0,0.0
2026-02-27,1311.0999755859375,1322.9000244140625,1286.0,1291.699951171875,1285.5203857421875,1640870,0.0,0.0
2026-03-02,1261.9000244140625,1288.0,1261.300048828125,1279.699951171875,1273.5777587890625,1161869,0.0,0.0
2026-03-04,1259.699951171875,1270.0,1240.0,1245.300048828125,1239.342529296875,1112032,0.0,0.0
2026-03-05,1249.5,1254.4000244140625,1222.699951171875,1250.9000244140625,1244.9156494140625,935711,0.0,0.0
2026-03-06,1250.0,1264.0999755859375,1234.199951171875,1252.4000244140625,1246.408447265625,830769,0.0,0.0
2026-03-09,1227.0,1242.5999755859375,1217.4000244140625,1235.800048828125,1229.887939453125,1467475,0.0,0.0
2026-03-10,1236.9000244140625,1249.5,1233.5,1241.199951171875,1235.261962890625,1301806,0.0,0.0
2026-03-11,1237.0999755859375,1245.9000244140625,1226.0999755859375,1233.699951171875,1227.7978515625,1472136,0.0,0.0
2026-03-12,1225.0,1229.9000244140625,1209.300048828125,1220.800048828125,1214.959716796875,1358564,0.0,0.0
2026-03-13,1219.0,1238.5999755859375,1200.5999755859375,1202.199951171875,1196.4486083984375,1681371,0.0,0.0
2026-03-16,1200.0,1219.300048828125,1196.5,1213.4000244140625,1207.5950927734375,1100151,0.0,0.0
2026-03-17,1213.4000244140625,1225.0,1199.0999755859375,1206.9000244140625,1201.1260986328125,1673011,0.0,0.0
2026-03-18,1206.0,1213.300048828125,1199.9000244140625,1204.800048828125,1199.0362548828125,1144239,0.0,0.0
2026-03-19,1193.0,1203.0,1177.699951171875,1186.300048828125,1180.624755859375,826831,0.0,0.0
2026-03-20,1204.0,1204.0,1177.5999755859375,1193.5999755859375,1187.8897705078125,1395157,0.0,0.0
2026-03-23,1189.0,1189.0,1164.800048828125,1166.800048828125,1161.218017578125,944890,0.0,0.0
2026-03-24,1180.0,1195.0999755859375,1163.199951171875,1183.199951171875,1177.5394287109375,1001494,0.0,0.0
2026-03-25,1183.199951171875,1217.800048828125,1180.0,1204.0999755859375,1198.3394775390625,1003662,0.0,0.0
2026-03-27,1204.0999755859375,1215.699951171875,1188.300048828125,1193.199951171875,1187.4915771484375,2005121,0.0,0.0
2026-03-30,1185.0,1194.4000244140625,1169.5999755859375,1174.800048828125,1169.1798095703125,1814954,0.0,0.0
2026-04-01,1174.800048828125,1191.5999755859375,1167.0999755859375,1180.800048828125,1175.1510009765625,1836376,0.0,0.0
2026-04-02,1173.300048828125,1200.0,1159.4000244140625,1191.300048828125,1185.600830078125,1357820,0.0,0.0
2026-04-06,1190.0,1218.800048828125,1179.0,1216.0,1210.1826171875,1460974,0.0,0.0
2026-04-07,1204.4000244140625,1225.4000244140625,1194.199951171875,1222.800048828125,1216.9500732421875,1434686,0.0,0.0
2026-04-08,1238.0,1250.5999755859375,1209.300048828125,1213.699951171875,1207.8935546875,1638620,0.0,0.0
2026-04-09,1209.5,1230.0999755859375,1206.4000244140625,1228.699951171875,1222.82177734375,1258634,0.0,0.0
2026-04-10,1230.800048828125,1252.300048828125,1229.0999755859375,1249.300048828125,1243.3233642578125,1358310,0.0,0.0
2026-04-13,1239.300048828125,1246.800048828125,1222.0999755859375,1226.0999755859375,1220.2342529296875,1346881,0.0,0.0
2026-04-15,1235.0,1259.9000244140625,1232.300048828125,1256.5999755859375,1250.58837890625,1236533,0.0,0.0
2026-04-16,1255.0999755859375,1261.9000244140625,1246.5,1257.4000244140625,1251.384521484375,1126023,0.0,0.0
2026-04-17,1258.0999755859375,1292.0,1252.800048828125,1285.5999755859375,1279.4495849609375,1994195,0.0,0.0
2026-04-20,1294.0,1294.300048828125,1274.5999755859375,1286.4000244140625,1280.245849609375,1156327,0.0,0.0
2026-04-21,1298.0999755859375,1396.0,1286.800048828125,1379.9000244140625,1373.2984619140625,9586515,0.0,0.0
2026-04-22,1391.0,1425.199951171875,1386.0,1395.800048828125,1389.1224365234375,7723484,0.0,0.0
2026-04-23,1388.9000244140625,1415.0,1382.0999755859375,1410.5,1403.7520751953125,2963135,0.0,0.0
2026-04-24,1420.0,1430.9000244140625,1409.0999755859375,1421.300048828125,1414.50048828125,3419416,0.0,0.0
2026-04-27,1429.0,1437.9000244140625,1410.0,1417.300048828125,1410.5196533203125,1719329,0.0,0.0
2026-04-28,1417.9000244140625,1445.0999755859375,1401.0,1440.0,1433.1109619140625,4008095,0.0,0.0
2026-04-29,1445.0,1470.0,1436.0999755859375,1465.5999755859375,1458.5885009765625,2753356,0.0,0.0
2026-04-30,1466.0,1466.0,1436.0999755859375,1458.5999755859375,1451.6219482421875,2305703,0.0,0.0
2026-05-01,1458.5999755859375,1458.5999755859375,1458.5999755859375,1458.5999755859375,1451.6219482421875,0,0.0,0.0
2026-05-04,1460.0,1472.9000244140625,1446.300048828125,1457.0999755859375,1450.129150390625,1744112,0.0,0.0
2026-05-05,1456.0,1480.4000244140625,1447.5999755859375,1477.800048828125,1470.730224609375,2490700,0.0,0.0
2026-05-06,1485.0,1490.0,1468.199951171875,1486.0999755859375,1478.9903564453125,2133310,0.0,0.0
2026-05-07,1488.0,1493.0,1468.300048828125,1476.0,1468.938720703125,2247161,0.0,0.0
2026-05-08,1476.5999755859375,1496.300048828125,1470.0,1482.4000244140625,1475.30810546875,1471411,0.0,0.0
2026-05-11,1475.300048828125,1498.0999755859375,1470.5,1481.9000244140625,1474.810546875,1358397,0.0,0.0
2026-05-12,1470.0,1491.0,1466.0999755859375,1468.5999755859375,1461.5740966796875,1017058,0.0,0.0
2026-05-13,1468.5999755859375,1486.0,1463.5,1468.9000244140625,1461.8726806640625,2205792,0.0,0.0
2026-05-14,1468.9000244140625,1479.4000244140625,1453.0,1459.5999755859375,1452.6171875,1251986,0.0,0.0
2026-05-15,1459.5999755859375,1467.5,1427.5,1430.5,1423.6563720703125,3292954,0.0,0.0
2026-05-18,1430.5,1444.699951171875,1418.0999755859375,1431.699951171875,1424.8505859375,2030857,0.0,0.0
2026-05-19,1428.0,1454.5,1422.0,1431.4000244140625,1424.5521240234375,1803745,0.0,0.0
2026-05-20,1400.0,1426.9000244140625,1398.5,1420.0999755859375,1413.30615234375,1425216,0.0,0.0
2026-05-21,1425.0,1430.9000244140625,1403.5,1406.5,1399.771240234375,2049251,0.0,0.0
2026-05-22,1410.5,1434.5999755859375,1401.199951171875,1423.0999755859375,1416.291748046875,1306017,0.0,0.0
2026-05-25,1430.0,1438.9000244140625,1410.0,1413.5999755859375,1406.8372802734375,812160,0.0,0.0
2026-05-26,1417.5999755859375,1431.699951171875,1413.199951171875,1428.5999755859375,1421.7655029296875,1472818,0.0,0.0
2026-05-27,1432.0,1443.699951171875,1423.0999755859375,1427.5,1420.6707763671875,1114165,0.0,0.0
2026-05-28,1427.5,1427.5,1427.5,1427.5,1420.6707763671875,0,0.0,0.0
2026-05-29,1431.4000244140625,1444.0999755859375,1408.5,1421.5,1414.699462890625,13063475,0.0,0.0
2026-06-01,1424.5,1434.9000244140625,1388.5,1391.800048828125,1385.1416015625,843583,0.0,0.0
2026-06-02,1385.0,1403.5,1368.0999755859375,1398.699951171875,1392.008544921875,1860526,0.0,0.0
2026-06-03,1405.0,1417.199951171875,1385.300048828125,1391.5,1384.843017578125,1725869,0.0,0.0
2026-06-04,1395.0,1399.9000244140625,1378.5,1382.9000244140625,1376.2841796875,1793823,0.0,0.0
2026-06-05,1383.0,1393.199951171875,1372.300048828125,1386.199951171875,1379.568359375,1342143,0.0,0.0
2026-06-08,1375.0,1412.5,1373.0,1398.9000244140625,1392.2076416015625,1107621,0.0,0.0
2026-06-09,1399.9000244140625,1414.5999755859375,1399.4000244140625,1410.4000244140625,1403.652587890625,1298664,0.0,0.0
2026-06-10,1414.800048828125,1454.9000244140625,1409.300048828125,1438.300048828125,1431.419189453125,2288648,0.0,0.0
2026-06-11,1437.800048828125,1445.0,1419.9000244140625,1422.5,1415.6947021484375,1538190,0.0,0.0
2026-06-12,1431.0999755859375,1434.9000244140625,1370.5999755859375,1375.699951171875,1369.1185302734375,2380729,0.0,0.0
2026-06-15,1410.0,1411.9000244140625,1371.5,1374.699951171875,1368.123291015625,1885900,0.0,0.0
2026-06-16,1375.4000244140625,1409.800048828125,1375.4000244140625,1391.699951171875,1385.0419921875,1899090,0.0,0.0
2026-06-17,1392.0,1415.5,1387.0999755859375,1407.300048828125,1400.5675048828125,1876655,0.0,0.0
2026-06-18,1407.300048828125,1413.9000244140625,1394.199951171875,1400.4000244140625,1393.700439453125,1065482,0.0,0.0
2026-06-19,1394.0,1420.0,1394.0,1414.800048828125,1408.0316162109375,1832928,0.0,0.0
2026-06-22,1422.800048828125,1430.699951171875,1398.199951171875,1401.9000244140625,1395.1932373046875,1481212,0.0,0.0
2026-06-23,1401.9000244140625,1411.9000244140625,1390.300048828125,1392.199951171875,1385.53955078125,1646370,0.0,0.0
2026-06-24,1394.0,1398.800048828125,1380.5999755859375,1382.5999755859375,1375.985595703125,1469059,0.0,0.0
2026-06-25,1392.0,1410.0,1383.4000244140625,1402.5999755859375,1395.889892578125,1968226,0.0,0.0
2026-06-26,1402.5999755859375,1402.5999755859375,1402.5999755859375,1402.5999755859375,1395.889892578125,0,0.0,0.0
2026-06-29,1424.0,1428.5,1381.5,1387.300048828125,1380.6630859375,3412530,0.0,0.0
2026-06-30,1387.300048828125,1421.699951171875,1387.300048828125,1405.199951171875,1398.4774169921875,3178483,0.0,0.0
2026-07-01,1414.800048828125,1459.9000244140625,1407.9000244140625,1453.800048828125,1446.844970703125,2672318,0.0,0.0
2026-07-02,1459.0,1462.300048828125,1444.5,1446.199951171875,1439.28125,1434136,0.0,0.0
2026-07-03,1448.0,1463.699951171875,1442.800048828125,1459.800048828125,1452.8162841796875,1863379,0.0,0.0
2026-07-06,1457.0999755859375,1479.9000244140625,1450.0999755859375,1473.699951171875,1466.649658203125,1178983,0.0,0.0
2026-07-07,1465.199951171875,1482.9000244140625,1462.699951171875,1471.800048828125,1464.7589111328125,1811724,0.0,0.0
2026-07-08,1460.0,1479.9000244140625,1441.699951171875,1450.5,1443.560791015625,1855873,0.0,0.0
2026-07-09,1452.0,1481.0,1452.0,1463.199951171875,1456.199951171875,1346613,0.0,0.0
2026-07-10,1467.0,1471.300048828125,1448.300048828125,1455.199951171875,1455.199951171875,1563905,7.0,0.0
2026-07-13,1452.300048828125,1452.300048828125,1420.0999755859375,1427.0,1427.0,2167829,0.0,0.0
2026-07-14,1418.5,1448.699951171875,1418.5,1427.0999755859375,1427.0999755859375,1841895,0.0,0.0
2026-07-15,1431.800048828125,1442.0,1419.5999755859375,1424.4000244140625,1424.4000244140625,1328750,0.0,0.0
2026-07-16,1427.9000244140625,1436.300048828125,1417.800048828125,1423.5,1423.5,1179052,0.0,0.0
2026-07-17,1416.0,1429.199951171875,1405.0999755859375,1427.199951171875,1427.199951171875,1433884,0.0,0.0
2026-07-20,1436.0,1456.0,1420.5999755859375,1446.300048828125,1446.300048828125,1689777,0.0,0.0
2026-07-21,1451.5,1464.4000244140625,1447.0,1451.9000244140625,1451.9000244140625,1657756,0.0,0.0
2026-07-22,1460.300048828125,1510.0,1454.0,1493.5999755859375,1493.5999755859375,6542494,0.0,0.0
2026-07-23,1500.0999755859375,1503.5,1441.300048828125,1447.9000244140625,1447.9000244140625,2496998,0.0,0.0
2026-07-24,1439.800048828125,1467.800048828125,1431.0,1443.5,1443.5,3041475,0.0,0.0
2026-07-27,1451.0,1461.5,1435.300048828125,1446.0999755859375,1446.0999755859375,2030304,0.0,0.0
2026-07-28,1454.5999755859375,1507.199951171875,1448.5,1491.800048828125,1491.800048828125,5464860,0.0,0.0
2026-07-29,1499.0,1515.800048828125,1487.5999755859375,1503.300048828125,1503.300048828125,3055336,0.0,0.0
2026-07-30,1503.300048828125,1532.5999755859375,1497.0,1520.699951171875,1520.699951171875,3698063,0.0,0.0
2026-07-31,1529.0,1529.0,1497.5,1509.5999755859375,1509.5999755859375,2501825,0.0,0.0
2026-08-03,1509.5,1530.0,1505.4000244140625,1530.0,1530.0,1232625,0.0,0.0
2026-08-04,1523.0,1535.9000244140625,1448.300048828125,1520.0,1520.0,4023569,0.0,0.0
2026-08-05,1510.0,1524.5999755859375,1488.0999755859375,1520.0,1520.0,2747079,0.0,0.0
2026-08-06,1531.9000244140625,1535.0,1518.199951171875,1535.0,1535.0,1666312,0.0,0.0
2026-08-07,1523.0,1553.0,1520.0,1540.0,1540.0,1520661,0.0,0.0
2026-08-10,1534.0999755859375,1547.5,1520.0,1528.5999755859375,1528.5999755859375,1455200,0.0,0.0
2026-08-11,1531.4000244140625,1541.0,1491.300048828125,1493.199951171875,1493.199951171875,1955836,0.0,0.0
2026-08-12,1503.0,1515.699951171875,1495.300048828125,1507.0,1507.0,1990581,0.0,0.0
2026-08-13,1513.199951171875,1520.9000244140625,1494.800048828125,1506.9000244140625,1506.9000244140625,1892413,0.0,0.0
2026-08-14,1506.9000244140625,1515.800048828125,1496.0999755859375,1499.0999755859375,1499.0999755859375,1500577,0.0,0.0
2026-08-17,1500.0,1503.699951171875,1468.5,1470.0,1470.0,1721057,0.0,0.0
2026-08-18,1478.0,1479.800048828125,1453.0,1462.5,1462.5,1815216,0.0,0.0
2026-08-19,1462.4000244140625,1481.300048828125,1457.0999755859375,1465.0,1465.0,1837329,0.0,0.0
2026-08-20,1482.0,1482.0,1454.5999755859375,1458.0,1458.0,1910719,0.0,0.0
2026-08-21,1465.0,1485.4000244140625,1449.0,1477.0999755859375,1477.0999755859375,2679922,0.0,0.0
2026-08-24,1478.699951171875,1483.4000244140625,1457.0999755859375,1471.300048828125,1471.300048828125,1465156,0.0,0.0
2026-08-25,1471.300048828125,1479.0,1458.800048828125,1479.0,1479.0,1634440,0.0,0.0
2026-08-26,1476.0,1479.0,1450.800048828125,1451.5,1451.5,625901,0.0,0.0
2026-08-27,1451.5,1465.0,1440.300048828125,1450.0,1450.0,637066,0.0,0.0
2026-08-28,1454.4000244140625,1456.5,1438.0,1454.5999755859375,1454.5999755859375,445734,0.0,0.0
2026-08-31,1445.0999755859375,1496.5,1427.5999755859375,1496.5,1496.5,2320372,0.0,0.0
2026-09-01,1514.800048828125,1514.800048828125,1436.0,1438.199951171875,1438.199951171875,2555542,0.0,0.0
2026-09-02,1425.0,1428.0,1411.0,1425.0,1425.0,875020,0.0,0.0
2026-09-03,1424.0999755859375,1424.0999755859375,1407.0,1416.0,1416.0,660284,0.0,0.0
2026-09-04,1415.0,1420.0,1402.5,1410.5,1410.5,974257,0.0,0.0
2026-09-07,1401.0,1405.699951171875,1392.9000244140625,1398.0,1398.0,897310,0.0,0.0
2026-09-08,1397.4000244140625,1415.0999755859375,1392.9000244140625,1400.5,1400.5,1260068,0.0,0.0
2026-09-09,1400.5,1405.9000244140625,1389.199951171875,1393.0,1393.0,994121,0.0,0.0
2026-09-10,1396.800048828125,1402.800048828125,1377.699951171875,1386.199951171875,1386.199951171875,568997,0.0,0.0
2026-09-11,1376.699951171875,1401.199951171875,1373.5,1383.300048828125,1383.300048828125,1238699,0.0,0.0
